-13,-16,fSG+xOL08vUaLR2dbEGjGb8Feb8=,WXv8/MFrGsA8YgfLq+XfZxHJQW4=
-2,-14,/TcPwkM8ZKL7AXvUWOSKXnKNoYo=,WXv8/MFrGsA8YgfLq+XfZxHJQW4=
-3,-14,/TcPwkM8ZKL7AXvUWOSKXnKNoYo=,WXv8/MFrGsA8YgfLq+XfZxHJQW4=
-7,-15,/TcPwkM8ZKL7AXvUWOSKXnKNoYo=,WXv8/MFrGsA8YgfLq+XfZxHJQW4=
-4,-15,/TcPwkM8ZKL7AXvUWOSKXnKNoYo=,WXv8/MFrGsA8YgfLq+XfZxHJQW4=
-2,-15,/TcPwkM8ZKL7AXvUWOSKXnKNoYo=,WXv8/MFrGsA8YgfLq+XfZxHJQW4=
-5,-15,/TcPwkM8ZKL7AXvUWOSKXnKNoYo=,WXv8/MFrGsA8YgfLq+XfZxHJQW4=
-6,-15,/TcPwkM8ZKL7AXvUWOSKXnKNoYo=,WXv8/MFrGsA8YgfLq+XfZxHJQW4=
-8,-15,fSG+xOL08vUaLR2dbEGjGb8Feb8=,WXv8/MFrGsA8YgfLq+XfZxHJQW4=
-1,-15,/TcPwkM8ZKL7AXvUWOSKXnKNoYo=,WXv8/MFrGsA8YgfLq+XfZxHJQW4=
-1,-14,/TcPwkM8ZKL7AXvUWOSKXnKNoYo=,WXv8/MFrGsA8YgfLq+XfZxHJQW4=
-9,-15,fSG+xOL08vUaLR2dbEGjGb8Feb8=,WXv8/MFrGsA8YgfLq+XfZxHJQW4=
-11,-15,fSG+xOL08vUaLR2dbEGjGb8Feb8=,WXv8/MFrGsA8YgfLq+XfZxHJQW4=
-10,-15,fSG+xOL08vUaLR2dbEGjGb8Feb8=,WXv8/MFrGsA8YgfLq+XfZxHJQW4=
-3,-15,/TcPwkM8ZKL7AXvUWOSKXnKNoYo=,WXv8/MFrGsA8YgfLq+XfZxHJQW4=
-16,-13,/TcPwkM8ZKL7AXvUWOSKXnKNoYo=,WXv8/MFrGsA8YgfLq+XfZxHJQW4=
-15,-13,fSG+xOL08vUaLR2dbEGjGb8Feb8=,WXv8/MFrGsA8YgfLq+XfZxHJQW4=
-12,-1,fSG+xOL08vUaLR2dbEGjGb8Feb8=,WXv8/MFrGsA8YgfLq+XfZxHJQW4=
-13,-1,fSG+xOL08vUaLR2dbEGjGb8Feb8=,WXv8/MFrGsA8YgfLq+XfZxHJQW4=
-14,-13,fSG+xOL08vUaLR2dbEGjGb8Feb8=,WXv8/MFrGsA8YgfLq+XfZxHJQW4=
-15,-1,fSG+xOL08vUaLR2dbEGjGb8Feb8=,WXv8/MFrGsA8YgfLq+XfZxHJQW4=
-15,-15,/TcPwkM8ZKL7AXvUWOSKXnKNoYo=,WXv8/MFrGsA8YgfLq+XfZxHJQW4=
-14,-1,fSG+xOL08vUaLR2dbEGjGb8Feb8=,WXv8/MFrGsA8YgfLq+XfZxHJQW4=
-1,-1,fSG+xOL08vUaLR2dbEGjGb8Feb8=,WXv8/MFrGsA8YgfLq+XfZxHJQW4=
-12,-15,fSG+xOL08vUaLR2dbEGjGb8Feb8=,WXv8/MFrGsA8YgfLq+XfZxHJQW4=
-16,-14,/TcPwkM8ZKL7AXvUWOSKXnKNoYo=,WXv8/MFrGsA8YgfLq+XfZxHJQW4=
-16,-1,fSG+xOL08vUaLR2dbEGjGb8Feb8=,WXv8/MFrGsA8YgfLq+XfZxHJQW4=
-13,-15,fSG+xOL08vUaLR2dbEGjGb8Feb8=,WXv8/MFrGsA8YgfLq+XfZxHJQW4=
-14,-15,fSG+xOL08vUaLR2dbEGjGb8Feb8=,WXv8/MFrGsA8YgfLq+XfZxHJQW4=
-14,-16,/TcPwkM8ZKL7AXvUWOSKXnKNoYo=,WXv8/MFrGsA8YgfLq+XfZxHJQW4=
-7,-1,fSG+xOL08vUaLR2dbEGjGb8Feb8=,WXv8/MFrGsA8YgfLq+XfZxHJQW4=
-12,-16,fSG+xOL08vUaLR2dbEGjGb8Feb8=,WXv8/MFrGsA8YgfLq+XfZxHJQW4=
-4,-14,/TcPwkM8ZKL7AXvUWOSKXnKNoYo=,WXv8/MFrGsA8YgfLq+XfZxHJQW4=
-2,-1,fSG+xOL08vUaLR2dbEGjGb8Feb8=,WXv8/MFrGsA8YgfLq+XfZxHJQW4=
-13,-13,fSG+xOL08vUaLR2dbEGjGb8Feb8=,WXv8/MFrGsA8YgfLq+XfZxHJQW4=
-12,-13,fSG+xOL08vUaLR2dbEGjGb8Feb8=,WXv8/MFrGsA8YgfLq+XfZxHJQW4=
-11,-13,fSG+xOL08vUaLR2dbEGjGb8Feb8=,WXv8/MFrGsA8YgfLq+XfZxHJQW4=
-10,-13,fSG+xOL08vUaLR2dbEGjGb8Feb8=,WXv8/MFrGsA8YgfLq+XfZxHJQW4=
-9,-13,fSG+xOL08vUaLR2dbEGjGb8Feb8=,WXv8/MFrGsA8YgfLq+XfZxHJQW4=
-8,-13,fSG+xOL08vUaLR2dbEGjGb8Feb8=,WXv8/MFrGsA8YgfLq+XfZxHJQW4=
-7,-13,fSG+xOL08vUaLR2dbEGjGb8Feb8=,WXv8/MFrGsA8YgfLq+XfZxHJQW4=
-1,-2,fSG+xOL08vUaLR2dbEGjGb8Feb8=,WXv8/MFrGsA8YgfLq+XfZxHJQW4=
-6,-13,fSG+xOL08vUaLR2dbEGjGb8Feb8=,WXv8/MFrGsA8YgfLq+XfZxHJQW4=
-5,-13,fSG+xOL08vUaLR2dbEGjGb8Feb8=,WXv8/MFrGsA8YgfLq+XfZxHJQW4=
-4,-13,fSG+xOL08vUaLR2dbEGjGb8Feb8=,WXv8/MFrGsA8YgfLq+XfZxHJQW4=
-3,-13,fSG+xOL08vUaLR2dbEGjGb8Feb8=,WXv8/MFrGsA8YgfLq+XfZxHJQW4=
-2,-13,fSG+xOL08vUaLR2dbEGjGb8Feb8=,WXv8/MFrGsA8YgfLq+XfZxHJQW4=
-1,-13,fSG+xOL08vUaLR2dbEGjGb8Feb8=,WXv8/MFrGsA8YgfLq+XfZxHJQW4=
-15,-14,fSG+xOL08vUaLR2dbEGjGb8Feb8=,WXv8/MFrGsA8YgfLq+XfZxHJQW4=
-16,-16,fSG+xOL08vUaLR2dbEGjGb8Feb8=,WXv8/MFrGsA8YgfLq+XfZxHJQW4=
-16,-12,fSG+xOL08vUaLR2dbEGjGb8Feb8=,WXv8/MFrGsA8YgfLq+XfZxHJQW4=
-15,-12,fSG+xOL08vUaLR2dbEGjGb8Feb8=,WXv8/MFrGsA8YgfLq+XfZxHJQW4=
-14,-12,fSG+xOL08vUaLR2dbEGjGb8Feb8=,WXv8/MFrGsA8YgfLq+XfZxHJQW4=
-13,-12,fSG+xOL08vUaLR2dbEGjGb8Feb8=,WXv8/MFrGsA8YgfLq+XfZxHJQW4=
-14,-14,fSG+xOL08vUaLR2dbEGjGb8Feb8=,WXv8/MFrGsA8YgfLq+XfZxHJQW4=
-11,-16,fSG+xOL08vUaLR2dbEGjGb8Feb8=,WXv8/MFrGsA8YgfLq+XfZxHJQW4=
-12,-12,fSG+xOL08vUaLR2dbEGjGb8Feb8=,WXv8/MFrGsA8YgfLq+XfZxHJQW4=
-6,-1,fSG+xOL08vUaLR2dbEGjGb8Feb8=,WXv8/MFrGsA8YgfLq+XfZxHJQW4=
-11,-1,fSG+xOL08vUaLR2dbEGjGb8Feb8=,WXv8/MFrGsA8YgfLq+XfZxHJQW4=
-4,-1,fSG+xOL08vUaLR2dbEGjGb8Feb8=,WXv8/MFrGsA8YgfLq+XfZxHJQW4=
-5,-1,fSG+xOL08vUaLR2dbEGjGb8Feb8=,WXv8/MFrGsA8YgfLq+XfZxHJQW4=
-10,-1,fSG+xOL08vUaLR2dbEGjGb8Feb8=,WXv8/MFrGsA8YgfLq+XfZxHJQW4=
-12,-2,fSG+xOL08vUaLR2dbEGjGb8Feb8=,WXv8/MFrGsA8YgfLq+XfZxHJQW4=
-13,-2,fSG+xOL08vUaLR2dbEGjGb8Feb8=,WXv8/MFrGsA8YgfLq+XfZxHJQW4=
-11,-12,fSG+xOL08vUaLR2dbEGjGb8Feb8=,WXv8/MFrGsA8YgfLq+XfZxHJQW4=
-3,-1,fSG+xOL08vUaLR2dbEGjGb8Feb8=,WXv8/MFrGsA8YgfLq+XfZxHJQW4=
-15,-2,fSG+xOL08vUaLR2dbEGjGb8Feb8=,WXv8/MFrGsA8YgfLq+XfZxHJQW4=
-10,-12,fSG+xOL08vUaLR2dbEGjGb8Feb8=,WXv8/MFrGsA8YgfLq+XfZxHJQW4=
-16,-2,fSG+xOL08vUaLR2dbEGjGb8Feb8=,WXv8/MFrGsA8YgfLq+XfZxHJQW4=
-16,-15,/TcPwkM8ZKL7AXvUWOSKXnKNoYo=,WXv8/MFrGsA8YgfLq+XfZxHJQW4=
-9,-12,fSG+xOL08vUaLR2dbEGjGb8Feb8=,WXv8/MFrGsA8YgfLq+XfZxHJQW4=
-9,-1,fSG+xOL08vUaLR2dbEGjGb8Feb8=,WXv8/MFrGsA8YgfLq+XfZxHJQW4=
-8,-1,fSG+xOL08vUaLR2dbEGjGb8Feb8=,WXv8/MFrGsA8YgfLq+XfZxHJQW4=
-8,-12,fSG+xOL08vUaLR2dbEGjGb8Feb8=,WXv8/MFrGsA8YgfLq+XfZxHJQW4=
-1,-16,/TcPwkM8ZKL7AXvUWOSKXnKNoYo=,WXv8/MFrGsA8YgfLq+XfZxHJQW4=
-5,-14,/TcPwkM8ZKL7AXvUWOSKXnKNoYo=,WXv8/MFrGsA8YgfLq+XfZxHJQW4=
-3,-2,fSG+xOL08vUaLR2dbEGjGb8Feb8=,WXv8/MFrGsA8YgfLq+XfZxHJQW4=
-2,-2,fSG+xOL08vUaLR2dbEGjGb8Feb8=,WXv8/MFrGsA8YgfLq+XfZxHJQW4=
-14,-2,fSG+xOL08vUaLR2dbEGjGb8Feb8=,WXv8/MFrGsA8YgfLq+XfZxHJQW4=
-7,-12,fSG+xOL08vUaLR2dbEGjGb8Feb8=,WXv8/MFrGsA8YgfLq+XfZxHJQW4=
-6,-12,fSG+xOL08vUaLR2dbEGjGb8Feb8=,WXv8/MFrGsA8YgfLq+XfZxHJQW4=
-5,-12,fSG+xOL08vUaLR2dbEGjGb8Feb8=,WXv8/MFrGsA8YgfLq+XfZxHJQW4=
-4,-2,fSG+xOL08vUaLR2dbEGjGb8Feb8=,WXv8/MFrGsA8YgfLq+XfZxHJQW4=
-3,-3,fSG+xOL08vUaLR2dbEGjGb8Feb8=,WXv8/MFrGsA8YgfLq+XfZxHJQW4=
-4,-12,fSG+xOL08vUaLR2dbEGjGb8Feb8=,WXv8/MFrGsA8YgfLq+XfZxHJQW4=
-5,-2,fSG+xOL08vUaLR2dbEGjGb8Feb8=,WXv8/MFrGsA8YgfLq+XfZxHJQW4=
-3,-12,fSG+xOL08vUaLR2dbEGjGb8Feb8=,WXv8/MFrGsA8YgfLq+XfZxHJQW4=
-2,-12,fSG+xOL08vUaLR2dbEGjGb8Feb8=,WXv8/MFrGsA8YgfLq+XfZxHJQW4=
-7,-2,fSG+xOL08vUaLR2dbEGjGb8Feb8=,WXv8/MFrGsA8YgfLq+XfZxHJQW4=
-2,-3,fSG+xOL08vUaLR2dbEGjGb8Feb8=,WXv8/MFrGsA8YgfLq+XfZxHJQW4=
-12,-3,fSG+xOL08vUaLR2dbEGjGb8Feb8=,WXv8/MFrGsA8YgfLq+XfZxHJQW4=
-13,-3,fSG+xOL08vUaLR2dbEGjGb8Feb8=,WXv8/MFrGsA8YgfLq+XfZxHJQW4=
-14,-3,fSG+xOL08vUaLR2dbEGjGb8Feb8=,WXv8/MFrGsA8YgfLq+XfZxHJQW4=
-8,-2,fSG+xOL08vUaLR2dbEGjGb8Feb8=,WXv8/MFrGsA8YgfLq+XfZxHJQW4=
-6,-2,/TcPwkM8ZKL7AXvUWOSKXnKNoYo=,WXv8/MFrGsA8YgfLq+XfZxHJQW4=
-15,-16,fSG+xOL08vUaLR2dbEGjGb8Feb8=,WXv8/MFrGsA8YgfLq+XfZxHJQW4=
-16,-3,fSG+xOL08vUaLR2dbEGjGb8Feb8=,WXv8/MFrGsA8YgfLq+XfZxHJQW4=
-10,-2,fSG+xOL08vUaLR2dbEGjGb8Feb8=,WXv8/MFrGsA8YgfLq+XfZxHJQW4=
-15,-3,fSG+xOL08vUaLR2dbEGjGb8Feb8=,WXv8/MFrGsA8YgfLq+XfZxHJQW4=
-10,-16,fSG+xOL08vUaLR2dbEGjGb8Feb8=,WXv8/MFrGsA8YgfLq+XfZxHJQW4=
-2,-16,/TcPwkM8ZKL7AXvUWOSKXnKNoYo=,WXv8/MFrGsA8YgfLq+XfZxHJQW4=
-1,-12,fSG+xOL08vUaLR2dbEGjGb8Feb8=,WXv8/MFrGsA8YgfLq+XfZxHJQW4=
-16,-11,fSG+xOL08vUaLR2dbEGjGb8Feb8=,WXv8/MFrGsA8YgfLq+XfZxHJQW4=
-15,-11,fSG+xOL08vUaLR2dbEGjGb8Feb8=,WXv8/MFrGsA8YgfLq+XfZxHJQW4=
-14,-11,fSG+xOL08vUaLR2dbEGjGb8Feb8=,WXv8/MFrGsA8YgfLq+XfZxHJQW4=
-13,-11,fSG+xOL08vUaLR2dbEGjGb8Feb8=,WXv8/MFrGsA8YgfLq+XfZxHJQW4=
-12,-11,fSG+xOL08vUaLR2dbEGjGb8Feb8=,WXv8/MFrGsA8YgfLq+XfZxHJQW4=
-2,-4,/TcPwkM8ZKL7AXvUWOSKXnKNoYo=,WXv8/MFrGsA8YgfLq+XfZxHJQW4=
-13,-14,fSG+xOL08vUaLR2dbEGjGb8Feb8=,WXv8/MFrGsA8YgfLq+XfZxHJQW4=
-6,-14,/TcPwkM8ZKL7AXvUWOSKXnKNoYo=,WXv8/MFrGsA8YgfLq+XfZxHJQW4=
-11,-11,fSG+xOL08vUaLR2dbEGjGb8Feb8=,WXv8/MFrGsA8YgfLq+XfZxHJQW4=
-11,-2,fSG+xOL08vUaLR2dbEGjGb8Feb8=,WXv8/MFrGsA8YgfLq+XfZxHJQW4=
-9,-16,fSG+xOL08vUaLR2dbEGjGb8Feb8=,WXv8/MFrGsA8YgfLq+XfZxHJQW4=
-10,-11,fSG+xOL08vUaLR2dbEGjGb8Feb8=,WXv8/MFrGsA8YgfLq+XfZxHJQW4=
-9,-11,fSG+xOL08vUaLR2dbEGjGb8Feb8=,WXv8/MFrGsA8YgfLq+XfZxHJQW4=
-9,-2,fSG+xOL08vUaLR2dbEGjGb8Feb8=,WXv8/MFrGsA8YgfLq+XfZxHJQW4=
-8,-11,fSG+xOL08vUaLR2dbEGjGb8Feb8=,WXv8/MFrGsA8YgfLq+XfZxHJQW4=
-7,-11,fSG+xOL08vUaLR2dbEGjGb8Feb8=,WXv8/MFrGsA8YgfLq+XfZxHJQW4=
-6,-11,fSG+xOL08vUaLR2dbEGjGb8Feb8=,WXv8/MFrGsA8YgfLq+XfZxHJQW4=
-5,-11,fSG+xOL08vUaLR2dbEGjGb8Feb8=,WXv8/MFrGsA8YgfLq+XfZxHJQW4=
-4,-11,fSG+xOL08vUaLR2dbEGjGb8Feb8=,WXv8/MFrGsA8YgfLq+XfZxHJQW4=
-1,-3,/TcPwkM8ZKL7AXvUWOSKXnKNoYo=,WXv8/MFrGsA8YgfLq+XfZxHJQW4=
-10,-3,fSG+xOL08vUaLR2dbEGjGb8Feb8=,WXv8/MFrGsA8YgfLq+XfZxHJQW4=
-3,-11,fSG+xOL08vUaLR2dbEGjGb8Feb8=,WXv8/MFrGsA8YgfLq+XfZxHJQW4=
-2,-11,fSG+xOL08vUaLR2dbEGjGb8Feb8=,WXv8/MFrGsA8YgfLq+XfZxHJQW4=
-1,-11,fSG+xOL08vUaLR2dbEGjGb8Feb8=,WXv8/MFrGsA8YgfLq+XfZxHJQW4=
-11,-3,/TcPwkM8ZKL7AXvUWOSKXnKNoYo=,WXv8/MFrGsA8YgfLq+XfZxHJQW4=
-10,-4,fSG+xOL08vUaLR2dbEGjGb8Feb8=,WXv8/MFrGsA8YgfLq+XfZxHJQW4=
-16,-10,fSG+xOL08vUaLR2dbEGjGb8Feb8=,WXv8/MFrGsA8YgfLq+XfZxHJQW4=
-15,-10,/TcPwkM8ZKL7AXvUWOSKXnKNoYo=,WXv8/MFrGsA8YgfLq+XfZxHJQW4=
-11,-4,/TcPwkM8ZKL7AXvUWOSKXnKNoYo=,WXv8/MFrGsA8YgfLq+XfZxHJQW4=
-9,-3,fSG+xOL08vUaLR2dbEGjGb8Feb8=,WXv8/MFrGsA8YgfLq+XfZxHJQW4=
-5,-3,/TcPwkM8ZKL7AXvUWOSKXnKNoYo=,WXv8/MFrGsA8YgfLq+XfZxHJQW4=
-4,-3,fSG+xOL08vUaLR2dbEGjGb8Feb8=,WXv8/MFrGsA8YgfLq+XfZxHJQW4=
-12,-4,/TcPwkM8ZKL7AXvUWOSKXnKNoYo=,WXv8/MFrGsA8YgfLq+XfZxHJQW4=
-14,-10,/TcPwkM8ZKL7AXvUWOSKXnKNoYo=,WXv8/MFrGsA8YgfLq+XfZxHJQW4=
-14,-4,/TcPwkM8ZKL7AXvUWOSKXnKNoYo=,WXv8/MFrGsA8YgfLq+XfZxHJQW4=
-15,-4,/TcPwkM8ZKL7AXvUWOSKXnKNoYo=,WXv8/MFrGsA8YgfLq+XfZxHJQW4=
-13,-4,/TcPwkM8ZKL7AXvUWOSKXnKNoYo=,WXv8/MFrGsA8YgfLq+XfZxHJQW4=
-6,-3,/TcPwkM8ZKL7AXvUWOSKXnKNoYo=,WXv8/MFrGsA8YgfLq+XfZxHJQW4=
-13,-10,/TcPwkM8ZKL7AXvUWOSKXnKNoYo=,WXv8/MFrGsA8YgfLq+XfZxHJQW4=
-16,-4,/TcPwkM8ZKL7AXvUWOSKXnKNoYo=,WXv8/MFrGsA8YgfLq+XfZxHJQW4=
-12,-10,/TcPwkM8ZKL7AXvUWOSKXnKNoYo=,WXv8/MFrGsA8YgfLq+XfZxHJQW4=
-3,-16,/TcPwkM8ZKL7AXvUWOSKXnKNoYo=,WXv8/MFrGsA8YgfLq+XfZxHJQW4=
-11,-10,/TcPwkM8ZKL7AXvUWOSKXnKNoYo=,WXv8/MFrGsA8YgfLq+XfZxHJQW4=
-12,-14,fSG+xOL08vUaLR2dbEGjGb8Feb8=,WXv8/MFrGsA8YgfLq+XfZxHJQW4=
-7,-3,/TcPwkM8ZKL7AXvUWOSKXnKNoYo=,WXv8/MFrGsA8YgfLq+XfZxHJQW4=
-10,-10,/TcPwkM8ZKL7AXvUWOSKXnKNoYo=,WXv8/MFrGsA8YgfLq+XfZxHJQW4=
-8,-3,/TcPwkM8ZKL7AXvUWOSKXnKNoYo=,WXv8/MFrGsA8YgfLq+XfZxHJQW4=
-5,-5,/TcPwkM8ZKL7AXvUWOSKXnKNoYo=,WXv8/MFrGsA8YgfLq+XfZxHJQW4=
-8,-16,fSG+xOL08vUaLR2dbEGjGb8Feb8=,WXv8/MFrGsA8YgfLq+XfZxHJQW4=
-7,-14,fSG+xOL08vUaLR2dbEGjGb8Feb8=,WXv8/MFrGsA8YgfLq+XfZxHJQW4=
-6,-5,/TcPwkM8ZKL7AXvUWOSKXnKNoYo=,WXv8/MFrGsA8YgfLq+XfZxHJQW4=
-9,-10,/TcPwkM8ZKL7AXvUWOSKXnKNoYo=,WXv8/MFrGsA8YgfLq+XfZxHJQW4=
-8,-10,/TcPwkM8ZKL7AXvUWOSKXnKNoYo=,WXv8/MFrGsA8YgfLq+XfZxHJQW4=
-7,-5,/TcPwkM8ZKL7AXvUWOSKXnKNoYo=,WXv8/MFrGsA8YgfLq+XfZxHJQW4=
-3,-5,/TcPwkM8ZKL7AXvUWOSKXnKNoYo=,WXv8/MFrGsA8YgfLq+XfZxHJQW4=
-7,-10,/TcPwkM8ZKL7AXvUWOSKXnKNoYo=,WXv8/MFrGsA8YgfLq+XfZxHJQW4=
-8,-5,/TcPwkM8ZKL7AXvUWOSKXnKNoYo=,WXv8/MFrGsA8YgfLq+XfZxHJQW4=
-1,-5,/TcPwkM8ZKL7AXvUWOSKXnKNoYo=,WXv8/MFrGsA8YgfLq+XfZxHJQW4=
-10,-5,/TcPwkM8ZKL7AXvUWOSKXnKNoYo=,WXv8/MFrGsA8YgfLq+XfZxHJQW4=
-11,-5,/TcPwkM8ZKL7AXvUWOSKXnKNoYo=,WXv8/MFrGsA8YgfLq+XfZxHJQW4=
-6,-10,/TcPwkM8ZKL7AXvUWOSKXnKNoYo=,WXv8/MFrGsA8YgfLq+XfZxHJQW4=
-12,-5,/TcPwkM8ZKL7AXvUWOSKXnKNoYo=,WXv8/MFrGsA8YgfLq+XfZxHJQW4=
-5,-10,/TcPwkM8ZKL7AXvUWOSKXnKNoYo=,WXv8/MFrGsA8YgfLq+XfZxHJQW4=
-15,-5,/TcPwkM8ZKL7AXvUWOSKXnKNoYo=,WXv8/MFrGsA8YgfLq+XfZxHJQW4=
-13,-5,/TcPwkM8ZKL7AXvUWOSKXnKNoYo=,WXv8/MFrGsA8YgfLq+XfZxHJQW4=
-4,-10,/TcPwkM8ZKL7AXvUWOSKXnKNoYo=,WXv8/MFrGsA8YgfLq+XfZxHJQW4=
-14,-5,/TcPwkM8ZKL7AXvUWOSKXnKNoYo=,WXv8/MFrGsA8YgfLq+XfZxHJQW4=
-1,-4,/TcPwkM8ZKL7AXvUWOSKXnKNoYo=,WXv8/MFrGsA8YgfLq+XfZxHJQW4=
-16,-5,/TcPwkM8ZKL7AXvUWOSKXnKNoYo=,WXv8/MFrGsA8YgfLq+XfZxHJQW4=
-3,-10,/TcPwkM8ZKL7AXvUWOSKXnKNoYo=,WXv8/MFrGsA8YgfLq+XfZxHJQW4=
-2,-10,/TcPwkM8ZKL7AXvUWOSKXnKNoYo=,WXv8/MFrGsA8YgfLq+XfZxHJQW4=
-1,-10,/TcPwkM8ZKL7AXvUWOSKXnKNoYo=,WXv8/MFrGsA8YgfLq+XfZxHJQW4=
-3,-4,/TcPwkM8ZKL7AXvUWOSKXnKNoYo=,WXv8/MFrGsA8YgfLq+XfZxHJQW4=
-16,-9,/TcPwkM8ZKL7AXvUWOSKXnKNoYo=,WXv8/MFrGsA8YgfLq+XfZxHJQW4=
-4,-16,/TcPwkM8ZKL7AXvUWOSKXnKNoYo=,WXv8/MFrGsA8YgfLq+XfZxHJQW4=
-15,-9,/TcPwkM8ZKL7AXvUWOSKXnKNoYo=,WXv8/MFrGsA8YgfLq+XfZxHJQW4=
-14,-9,/TcPwkM8ZKL7AXvUWOSKXnKNoYo=,WXv8/MFrGsA8YgfLq+XfZxHJQW4=
-4,-4,/TcPwkM8ZKL7AXvUWOSKXnKNoYo=,WXv8/MFrGsA8YgfLq+XfZxHJQW4=
-13,-9,/TcPwkM8ZKL7AXvUWOSKXnKNoYo=,WXv8/MFrGsA8YgfLq+XfZxHJQW4=
-8,-14,fSG+xOL08vUaLR2dbEGjGb8Feb8=,WXv8/MFrGsA8YgfLq+XfZxHJQW4=
-12,-9,/TcPwkM8ZKL7AXvUWOSKXnKNoYo=,WXv8/MFrGsA8YgfLq+XfZxHJQW4=
-1,-6,/TcPwkM8ZKL7AXvUWOSKXnKNoYo=,WXv8/MFrGsA8YgfLq+XfZxHJQW4=
-11,-9,/TcPwkM8ZKL7AXvUWOSKXnKNoYo=,WXv8/MFrGsA8YgfLq+XfZxHJQW4=
-3,-6,/TcPwkM8ZKL7AXvUWOSKXnKNoYo=,WXv8/MFrGsA8YgfLq+XfZxHJQW4=
-2,-6,/TcPwkM8ZKL7AXvUWOSKXnKNoYo=,WXv8/MFrGsA8YgfLq+XfZxHJQW4=
-5,-4,/TcPwkM8ZKL7AXvUWOSKXnKNoYo=,WXv8/MFrGsA8YgfLq+XfZxHJQW4=
-10,-9,/TcPwkM8ZKL7AXvUWOSKXnKNoYo=,WXv8/MFrGsA8YgfLq+XfZxHJQW4=
-10,-6,/TcPwkM8ZKL7AXvUWOSKXnKNoYo=,WXv8/MFrGsA8YgfLq+XfZxHJQW4=
-11,-6,/TcPwkM8ZKL7AXvUWOSKXnKNoYo=,WXv8/MFrGsA8YgfLq+XfZxHJQW4=
-11,-14,fSG+xOL08vUaLR2dbEGjGb8Feb8=,WXv8/MFrGsA8YgfLq+XfZxHJQW4=
-12,-6,/TcPwkM8ZKL7AXvUWOSKXnKNoYo=,WXv8/MFrGsA8YgfLq+XfZxHJQW4=
-6,-4,/TcPwkM8ZKL7AXvUWOSKXnKNoYo=,WXv8/MFrGsA8YgfLq+XfZxHJQW4=
-13,-6,/TcPwkM8ZKL7AXvUWOSKXnKNoYo=,WXv8/MFrGsA8YgfLq+XfZxHJQW4=
-9,-9,/TcPwkM8ZKL7AXvUWOSKXnKNoYo=,WXv8/MFrGsA8YgfLq+XfZxHJQW4=
-14,-6,/TcPwkM8ZKL7AXvUWOSKXnKNoYo=,WXv8/MFrGsA8YgfLq+XfZxHJQW4=
-15,-6,/TcPwkM8ZKL7AXvUWOSKXnKNoYo=,WXv8/MFrGsA8YgfLq+XfZxHJQW4=
-16,-6,/TcPwkM8ZKL7AXvUWOSKXnKNoYo=,WXv8/MFrGsA8YgfLq+XfZxHJQW4=
-7,-16,/TcPwkM8ZKL7AXvUWOSKXnKNoYo=,WXv8/MFrGsA8YgfLq+XfZxHJQW4=
-8,-9,/TcPwkM8ZKL7AXvUWOSKXnKNoYo=,WXv8/MFrGsA8YgfLq+XfZxHJQW4=
-7,-9,/TcPwkM8ZKL7AXvUWOSKXnKNoYo=,WXv8/MFrGsA8YgfLq+XfZxHJQW4=
-8,-4,/TcPwkM8ZKL7AXvUWOSKXnKNoYo=,WXv8/MFrGsA8YgfLq+XfZxHJQW4=
-7,-4,/TcPwkM8ZKL7AXvUWOSKXnKNoYo=,WXv8/MFrGsA8YgfLq+XfZxHJQW4=
-6,-9,/TcPwkM8ZKL7AXvUWOSKXnKNoYo=,WXv8/MFrGsA8YgfLq+XfZxHJQW4=
-5,-9,/TcPwkM8ZKL7AXvUWOSKXnKNoYo=,WXv8/MFrGsA8YgfLq+XfZxHJQW4=
-9,-4,/TcPwkM8ZKL7AXvUWOSKXnKNoYo=,WXv8/MFrGsA8YgfLq+XfZxHJQW4=
-4,-9,/TcPwkM8ZKL7AXvUWOSKXnKNoYo=,WXv8/MFrGsA8YgfLq+XfZxHJQW4=
-1,-7,/TcPwkM8ZKL7AXvUWOSKXnKNoYo=,WXv8/MFrGsA8YgfLq+XfZxHJQW4=
-3,-9,/TcPwkM8ZKL7AXvUWOSKXnKNoYo=,WXv8/MFrGsA8YgfLq+XfZxHJQW4=
-3,-7,/TcPwkM8ZKL7AXvUWOSKXnKNoYo=,WXv8/MFrGsA8YgfLq+XfZxHJQW4=
-5,-16,/TcPwkM8ZKL7AXvUWOSKXnKNoYo=,WXv8/MFrGsA8YgfLq+XfZxHJQW4=
-2,-7,/TcPwkM8ZKL7AXvUWOSKXnKNoYo=,WXv8/MFrGsA8YgfLq+XfZxHJQW4=
-2,-9,/TcPwkM8ZKL7AXvUWOSKXnKNoYo=,WXv8/MFrGsA8YgfLq+XfZxHJQW4=
-9,-14,fSG+xOL08vUaLR2dbEGjGb8Feb8=,WXv8/MFrGsA8YgfLq+XfZxHJQW4=
-4,-5,/TcPwkM8ZKL7AXvUWOSKXnKNoYo=,WXv8/MFrGsA8YgfLq+XfZxHJQW4=
-9,-5,/TcPwkM8ZKL7AXvUWOSKXnKNoYo=,WXv8/MFrGsA8YgfLq+XfZxHJQW4=
-10,-7,/TcPwkM8ZKL7AXvUWOSKXnKNoYo=,WXv8/MFrGsA8YgfLq+XfZxHJQW4=
-11,-7,/TcPwkM8ZKL7AXvUWOSKXnKNoYo=,WXv8/MFrGsA8YgfLq+XfZxHJQW4=
-12,-7,/TcPwkM8ZKL7AXvUWOSKXnKNoYo=,WXv8/MFrGsA8YgfLq+XfZxHJQW4=
-14,-7,/TcPwkM8ZKL7AXvUWOSKXnKNoYo=,WXv8/MFrGsA8YgfLq+XfZxHJQW4=
-13,-7,/TcPwkM8ZKL7AXvUWOSKXnKNoYo=,WXv8/MFrGsA8YgfLq+XfZxHJQW4=
-15,-7,/TcPwkM8ZKL7AXvUWOSKXnKNoYo=,WXv8/MFrGsA8YgfLq+XfZxHJQW4=
-16,-7,/TcPwkM8ZKL7AXvUWOSKXnKNoYo=,WXv8/MFrGsA8YgfLq+XfZxHJQW4=
-2,-5,/TcPwkM8ZKL7AXvUWOSKXnKNoYo=,WXv8/MFrGsA8YgfLq+XfZxHJQW4=
-2,-8,/TcPwkM8ZKL7AXvUWOSKXnKNoYo=,WXv8/MFrGsA8YgfLq+XfZxHJQW4=
-5,-6,/TcPwkM8ZKL7AXvUWOSKXnKNoYo=,WXv8/MFrGsA8YgfLq+XfZxHJQW4=
-3,-8,/TcPwkM8ZKL7AXvUWOSKXnKNoYo=,WXv8/MFrGsA8YgfLq+XfZxHJQW4=
-4,-6,/TcPwkM8ZKL7AXvUWOSKXnKNoYo=,WXv8/MFrGsA8YgfLq+XfZxHJQW4=
-5,-8,/TcPwkM8ZKL7AXvUWOSKXnKNoYo=,WXv8/MFrGsA8YgfLq+XfZxHJQW4=
-7,-8,/TcPwkM8ZKL7AXvUWOSKXnKNoYo=,WXv8/MFrGsA8YgfLq+XfZxHJQW4=
-6,-16,/TcPwkM8ZKL7AXvUWOSKXnKNoYo=,WXv8/MFrGsA8YgfLq+XfZxHJQW4=
-6,-8,/TcPwkM8ZKL7AXvUWOSKXnKNoYo=,WXv8/MFrGsA8YgfLq+XfZxHJQW4=
-8,-8,/TcPwkM8ZKL7AXvUWOSKXnKNoYo=,WXv8/MFrGsA8YgfLq+XfZxHJQW4=
-10,-14,fSG+xOL08vUaLR2dbEGjGb8Feb8=,WXv8/MFrGsA8YgfLq+XfZxHJQW4=
-9,-8,/TcPwkM8ZKL7AXvUWOSKXnKNoYo=,WXv8/MFrGsA8YgfLq+XfZxHJQW4=
-8,-6,/TcPwkM8ZKL7AXvUWOSKXnKNoYo=,WXv8/MFrGsA8YgfLq+XfZxHJQW4=
-10,-8,/TcPwkM8ZKL7AXvUWOSKXnKNoYo=,WXv8/MFrGsA8YgfLq+XfZxHJQW4=
-11,-8,/TcPwkM8ZKL7AXvUWOSKXnKNoYo=,WXv8/MFrGsA8YgfLq+XfZxHJQW4=
-12,-8,/TcPwkM8ZKL7AXvUWOSKXnKNoYo=,WXv8/MFrGsA8YgfLq+XfZxHJQW4=
-13,-8,/TcPwkM8ZKL7AXvUWOSKXnKNoYo=,WXv8/MFrGsA8YgfLq+XfZxHJQW4=
-14,-8,/TcPwkM8ZKL7AXvUWOSKXnKNoYo=,WXv8/MFrGsA8YgfLq+XfZxHJQW4=
-15,-8,/TcPwkM8ZKL7AXvUWOSKXnKNoYo=,WXv8/MFrGsA8YgfLq+XfZxHJQW4=
-4,-8,/TcPwkM8ZKL7AXvUWOSKXnKNoYo=,WXv8/MFrGsA8YgfLq+XfZxHJQW4=
-7,-6,/TcPwkM8ZKL7AXvUWOSKXnKNoYo=,WXv8/MFrGsA8YgfLq+XfZxHJQW4=
-16,-8,/TcPwkM8ZKL7AXvUWOSKXnKNoYo=,WXv8/MFrGsA8YgfLq+XfZxHJQW4=
-6,-6,/TcPwkM8ZKL7AXvUWOSKXnKNoYo=,WXv8/MFrGsA8YgfLq+XfZxHJQW4=
-9,-6,/TcPwkM8ZKL7AXvUWOSKXnKNoYo=,WXv8/MFrGsA8YgfLq+XfZxHJQW4=
-9,-7,/TcPwkM8ZKL7AXvUWOSKXnKNoYo=,WXv8/MFrGsA8YgfLq+XfZxHJQW4=
-4,-7,/TcPwkM8ZKL7AXvUWOSKXnKNoYo=,WXv8/MFrGsA8YgfLq+XfZxHJQW4=
-7,-7,/TcPwkM8ZKL7AXvUWOSKXnKNoYo=,WXv8/MFrGsA8YgfLq+XfZxHJQW4=
-8,-7,/TcPwkM8ZKL7AXvUWOSKXnKNoYo=,WXv8/MFrGsA8YgfLq+XfZxHJQW4=
-5,-7,/TcPwkM8ZKL7AXvUWOSKXnKNoYo=,WXv8/MFrGsA8YgfLq+XfZxHJQW4=
-1,-9,/TcPwkM8ZKL7AXvUWOSKXnKNoYo=,WXv8/MFrGsA8YgfLq+XfZxHJQW4=
-6,-7,/TcPwkM8ZKL7AXvUWOSKXnKNoYo=,WXv8/MFrGsA8YgfLq+XfZxHJQW4=
-1,-8,/TcPwkM8ZKL7AXvUWOSKXnKNoYo=,WXv8/MFrGsA8YgfLq+XfZxHJQW4=
-13,-32,ZdWNNv6c5yzKI/6DQlpNqF37yCA=,LJHmivSiED4m5UrZ2ejUGlSOpJ4=
-2,-17,mSkXZSqmwnJ6IJlipplw4AbIJRQ=,LJHmivSiED4m5UrZ2ejUGlSOpJ4=
-1,-17,mSkXZSqmwnJ6IJlipplw4AbIJRQ=,LJHmivSiED4m5UrZ2ejUGlSOpJ4=
-4,-17,mSkXZSqmwnJ6IJlipplw4AbIJRQ=,LJHmivSiED4m5UrZ2ejUGlSOpJ4=
-5,-17,mSkXZSqmwnJ6IJlipplw4AbIJRQ=,LJHmivSiED4m5UrZ2ejUGlSOpJ4=
-3,-17,mSkXZSqmwnJ6IJlipplw4AbIJRQ=,LJHmivSiED4m5UrZ2ejUGlSOpJ4=
-6,-17,mSkXZSqmwnJ6IJlipplw4AbIJRQ=,LJHmivSiED4m5UrZ2ejUGlSOpJ4=
-2,-30,mSkXZSqmwnJ6IJlipplw4AbIJRQ=,LJHmivSiED4m5UrZ2ejUGlSOpJ4=
-7,-17,mSkXZSqmwnJ6IJlipplw4AbIJRQ=,LJHmivSiED4m5UrZ2ejUGlSOpJ4=
-3,-30,mSkXZSqmwnJ6IJlipplw4AbIJRQ=,LJHmivSiED4m5UrZ2ejUGlSOpJ4=
-2,-31,mSkXZSqmwnJ6IJlipplw4AbIJRQ=,LJHmivSiED4m5UrZ2ejUGlSOpJ4=
-4,-31,mSkXZSqmwnJ6IJlipplw4AbIJRQ=,LJHmivSiED4m5UrZ2ejUGlSOpJ4=
-5,-31,mSkXZSqmwnJ6IJlipplw4AbIJRQ=,LJHmivSiED4m5UrZ2ejUGlSOpJ4=
-7,-31,mSkXZSqmwnJ6IJlipplw4AbIJRQ=,LJHmivSiED4m5UrZ2ejUGlSOpJ4=
-8,-31,mSkXZSqmwnJ6IJlipplw4AbIJRQ=,LJHmivSiED4m5UrZ2ejUGlSOpJ4=
-6,-31,mSkXZSqmwnJ6IJlipplw4AbIJRQ=,LJHmivSiED4m5UrZ2ejUGlSOpJ4=
-1,-31,mSkXZSqmwnJ6IJlipplw4AbIJRQ=,LJHmivSiED4m5UrZ2ejUGlSOpJ4=
-8,-17,mSkXZSqmwnJ6IJlipplw4AbIJRQ=,LJHmivSiED4m5UrZ2ejUGlSOpJ4=
-9,-31,mSkXZSqmwnJ6IJlipplw4AbIJRQ=,LJHmivSiED4m5UrZ2ejUGlSOpJ4=
-3,-31,mSkXZSqmwnJ6IJlipplw4AbIJRQ=,LJHmivSiED4m5UrZ2ejUGlSOpJ4=
-10,-31,mSkXZSqmwnJ6IJlipplw4AbIJRQ=,LJHmivSiED4m5UrZ2ejUGlSOpJ4=
-9,-17,mSkXZSqmwnJ6IJlipplw4AbIJRQ=,LJHmivSiED4m5UrZ2ejUGlSOpJ4=
-10,-17,mSkXZSqmwnJ6IJlipplw4AbIJRQ=,LJHmivSiED4m5UrZ2ejUGlSOpJ4=
-11,-17,mSkXZSqmwnJ6IJlipplw4AbIJRQ=,LJHmivSiED4m5UrZ2ejUGlSOpJ4=
-12,-17,mSkXZSqmwnJ6IJlipplw4AbIJRQ=,LJHmivSiED4m5UrZ2ejUGlSOpJ4=
-1,-30,mSkXZSqmwnJ6IJlipplw4AbIJRQ=,LJHmivSiED4m5UrZ2ejUGlSOpJ4=
-15,-31,mSkXZSqmwnJ6IJlipplw4AbIJRQ=,LJHmivSiED4m5UrZ2ejUGlSOpJ4=
-13,-17,mSkXZSqmwnJ6IJlipplw4AbIJRQ=,LJHmivSiED4m5UrZ2ejUGlSOpJ4=
-1,-18,mSkXZSqmwnJ6IJlipplw4AbIJRQ=,LJHmivSiED4m5UrZ2ejUGlSOpJ4=
-14,-17,mSkXZSqmwnJ6IJlipplw4AbIJRQ=,LJHmivSiED4m5UrZ2ejUGlSOpJ4=
-15,-17,mSkXZSqmwnJ6IJlipplw4AbIJRQ=,LJHmivSiED4m5UrZ2ejUGlSOpJ4=
-2,-18,mSkXZSqmwnJ6IJlipplw4AbIJRQ=,LJHmivSiED4m5UrZ2ejUGlSOpJ4=
-11,-31,mSkXZSqmwnJ6IJlipplw4AbIJRQ=,LJHmivSiED4m5UrZ2ejUGlSOpJ4=
-16,-17,mSkXZSqmwnJ6IJlipplw4AbIJRQ=,LJHmivSiED4m5UrZ2ejUGlSOpJ4=
-12,-31,mSkXZSqmwnJ6IJlipplw4AbIJRQ=,LJHmivSiED4m5UrZ2ejUGlSOpJ4=
-4,-30,mSkXZSqmwnJ6IJlipplw4AbIJRQ=,LJHmivSiED4m5UrZ2ejUGlSOpJ4=
-13,-31,mSkXZSqmwnJ6IJlipplw4AbIJRQ=,LJHmivSiED4m5UrZ2ejUGlSOpJ4=
-14,-32,mSkXZSqmwnJ6IJlipplw4AbIJRQ=,LJHmivSiED4m5UrZ2ejUGlSOpJ4=
-14,-31,mSkXZSqmwnJ6IJlipplw4AbIJRQ=,LJHmivSiED4m5UrZ2ejUGlSOpJ4=
-3,-18,mSkXZSqmwnJ6IJlipplw4AbIJRQ=,LJHmivSiED4m5UrZ2ejUGlSOpJ4=
-16,-29,mSkXZSqmwnJ6IJlipplw4AbIJRQ=,LJHmivSiED4m5UrZ2ejUGlSOpJ4=
-4,-18,mSkXZSqmwnJ6IJlipplw4AbIJRQ=,LJHmivSiED4m5UrZ2ejUGlSOpJ4=
-12,-18,mSkXZSqmwnJ6IJlipplw4AbIJRQ=,LJHmivSiED4m5UrZ2ejUGlSOpJ4=
-14,-18,mSkXZSqmwnJ6IJlipplw4AbIJRQ=,LJHmivSiED4m5UrZ2ejUGlSOpJ4=
-11,-18,mSkXZSqmwnJ6IJlipplw4AbIJRQ=,LJHmivSiED4m5UrZ2ejUGlSOpJ4=
-16,-18,mSkXZSqmwnJ6IJlipplw4AbIJRQ=,LJHmivSiED4m5UrZ2ejUGlSOpJ4=
-13,-18,mSkXZSqmwnJ6IJlipplw4AbIJRQ=,LJHmivSiED4m5UrZ2ejUGlSOpJ4=
-15,-18,mSkXZSqmwnJ6IJlipplw4AbIJRQ=,LJHmivSiED4m5UrZ2ejUGlSOpJ4=
-16,-31,mSkXZSqmwnJ6IJlipplw4AbIJRQ=,LJHmivSiED4m5UrZ2ejUGlSOpJ4=
-9,-18,mSkXZSqmwnJ6IJlipplw4AbIJRQ=,LJHmivSiED4m5UrZ2ejUGlSOpJ4=
-7,-18,mSkXZSqmwnJ6IJlipplw4AbIJRQ=,LJHmivSiED4m5UrZ2ejUGlSOpJ4=
-8,-18,mSkXZSqmwnJ6IJlipplw4AbIJRQ=,LJHmivSiED4m5UrZ2ejUGlSOpJ4=
-6,-18,mSkXZSqmwnJ6IJlipplw4AbIJRQ=,LJHmivSiED4m5UrZ2ejUGlSOpJ4=
-1,-19,mSkXZSqmwnJ6IJlipplw4AbIJRQ=,LJHmivSiED4m5UrZ2ejUGlSOpJ4=
-5,-18,mSkXZSqmwnJ6IJlipplw4AbIJRQ=,LJHmivSiED4m5UrZ2ejUGlSOpJ4=
-10,-18,mSkXZSqmwnJ6IJlipplw4AbIJRQ=,LJHmivSiED4m5UrZ2ejUGlSOpJ4=
-15,-29,mSkXZSqmwnJ6IJlipplw4AbIJRQ=,LJHmivSiED4m5UrZ2ejUGlSOpJ4=
-1,-32,mSkXZSqmwnJ6IJlipplw4AbIJRQ=,LJHmivSiED4m5UrZ2ejUGlSOpJ4=
-5,-30,mSkXZSqmwnJ6IJlipplw4AbIJRQ=,LJHmivSiED4m5UrZ2ejUGlSOpJ4=
-2,-19,mSkXZSqmwnJ6IJlipplw4AbIJRQ=,LJHmivSiED4m5UrZ2ejUGlSOpJ4=
-15,-32,mSkXZSqmwnJ6IJlipplw4AbIJRQ=,LJHmivSiED4m5UrZ2ejUGlSOpJ4=
-12,-19,mSkXZSqmwnJ6IJlipplw4AbIJRQ=,LJHmivSiED4m5UrZ2ejUGlSOpJ4=
-14,-29,mSkXZSqmwnJ6IJlipplw4AbIJRQ=,LJHmivSiED4m5UrZ2ejUGlSOpJ4=
-13,-19,mSkXZSqmwnJ6IJlipplw4AbIJRQ=,LJHmivSiED4m5UrZ2ejUGlSOpJ4=
-15,-19,mSkXZSqmwnJ6IJlipplw4AbIJRQ=,LJHmivSiED4m5UrZ2ejUGlSOpJ4=
-4,-19,mSkXZSqmwnJ6IJlipplw4AbIJRQ=,LJHmivSiED4m5UrZ2ejUGlSOpJ4=
-3,-19,mSkXZSqmwnJ6IJlipplw4AbIJRQ=,LJHmivSiED4m5UrZ2ejUGlSOpJ4=
-16,-19,mSkXZSqmwnJ6IJlipplw4AbIJRQ=,LJHmivSiED4m5UrZ2ejUGlSOpJ4=
-14,-19,mSkXZSqmwnJ6IJlipplw4AbIJRQ=,LJHmivSiED4m5UrZ2ejUGlSOpJ4=
-6,-19,mSkXZSqmwnJ6IJlipplw4AbIJRQ=,LJHmivSiED4m5UrZ2ejUGlSOpJ4=
-5,-19,mSkXZSqmwnJ6IJlipplw4AbIJRQ=,LJHmivSiED4m5UrZ2ejUGlSOpJ4=
-8,-19,mSkXZSqmwnJ6IJlipplw4AbIJRQ=,LJHmivSiED4m5UrZ2ejUGlSOpJ4=
-7,-19,mSkXZSqmwnJ6IJlipplw4AbIJRQ=,LJHmivSiED4m5UrZ2ejUGlSOpJ4=
-11,-19,mSkXZSqmwnJ6IJlipplw4AbIJRQ=,LJHmivSiED4m5UrZ2ejUGlSOpJ4=
-13,-29,ZdWNNv6c5yzKI/6DQlpNqF37yCA=,LJHmivSiED4m5UrZ2ejUGlSOpJ4=
-9,-19,mSkXZSqmwnJ6IJlipplw4AbIJRQ=,LJHmivSiED4m5UrZ2ejUGlSOpJ4=
-2,-32,mSkXZSqmwnJ6IJlipplw4AbIJRQ=,LJHmivSiED4m5UrZ2ejUGlSOpJ4=
-2,-20,mSkXZSqmwnJ6IJlipplw4AbIJRQ=,LJHmivSiED4m5UrZ2ejUGlSOpJ4=
-1,-20,mSkXZSqmwnJ6IJlipplw4AbIJRQ=,LJHmivSiED4m5UrZ2ejUGlSOpJ4=
-6,-30,mSkXZSqmwnJ6IJlipplw4AbIJRQ=,LJHmivSiED4m5UrZ2ejUGlSOpJ4=
-4,-20,mSkXZSqmwnJ6IJlipplw4AbIJRQ=,LJHmivSiED4m5UrZ2ejUGlSOpJ4=
-11,-20,mSkXZSqmwnJ6IJlipplw4AbIJRQ=,LJHmivSiED4m5UrZ2ejUGlSOpJ4=
-3,-20,mSkXZSqmwnJ6IJlipplw4AbIJRQ=,LJHmivSiED4m5UrZ2ejUGlSOpJ4=
-10,-19,mSkXZSqmwnJ6IJlipplw4AbIJRQ=,LJHmivSiED4m5UrZ2ejUGlSOpJ4=
-12,-29,ZdWNNv6c5yzKI/6DQlpNqF37yCA=,LJHmivSiED4m5UrZ2ejUGlSOpJ4=
-6,-20,mSkXZSqmwnJ6IJlipplw4AbIJRQ=,LJHmivSiED4m5UrZ2ejUGlSOpJ4=
-5,-20,mSkXZSqmwnJ6IJlipplw4AbIJRQ=,LJHmivSiED4m5UrZ2ejUGlSOpJ4=
-12,-20,mSkXZSqmwnJ6IJlipplw4AbIJRQ=,LJHmivSiED4m5UrZ2ejUGlSOpJ4=
-8,-20,mSkXZSqmwnJ6IJlipplw4AbIJRQ=,LJHmivSiED4m5UrZ2ejUGlSOpJ4=
-10,-20,mSkXZSqmwnJ6IJlipplw4AbIJRQ=,LJHmivSiED4m5UrZ2ejUGlSOpJ4=
-9,-20,mSkXZSqmwnJ6IJlipplw4AbIJRQ=,LJHmivSiED4m5UrZ2ejUGlSOpJ4=
-13,-20,mSkXZSqmwnJ6IJlipplw4AbIJRQ=,LJHmivSiED4m5UrZ2ejUGlSOpJ4=
-14,-20,mSkXZSqmwnJ6IJlipplw4AbIJRQ=,LJHmivSiED4m5UrZ2ejUGlSOpJ4=
-7,-20,mSkXZSqmwnJ6IJlipplw4AbIJRQ=,LJHmivSiED4m5UrZ2ejUGlSOpJ4=
-15,-20,mSkXZSqmwnJ6IJlipplw4AbIJRQ=,LJHmivSiED4m5UrZ2ejUGlSOpJ4=
-1,-21,mSkXZSqmwnJ6IJlipplw4AbIJRQ=,LJHmivSiED4m5UrZ2ejUGlSOpJ4=
-16,-20,mSkXZSqmwnJ6IJlipplw4AbIJRQ=,LJHmivSiED4m5UrZ2ejUGlSOpJ4=
-2,-21,mSkXZSqmwnJ6IJlipplw4AbIJRQ=,LJHmivSiED4m5UrZ2ejUGlSOpJ4=
-16,-30,mSkXZSqmwnJ6IJlipplw4AbIJRQ=,LJHmivSiED4m5UrZ2ejUGlSOpJ4=
-4,-21,mSkXZSqmwnJ6IJlipplw4AbIJRQ=,LJHmivSiED4m5UrZ2ejUGlSOpJ4=
-3,-21,mSkXZSqmwnJ6IJlipplw4AbIJRQ=,LJHmivSiED4m5UrZ2ejUGlSOpJ4=
-3,-32,mSkXZSqmwnJ6IJlipplw4AbIJRQ=,LJHmivSiED4m5UrZ2ejUGlSOpJ4=
-5,-21,mSkXZSqmwnJ6IJlipplw4AbIJRQ=,LJHmivSiED4m5UrZ2ejUGlSOpJ4=
-6,-21,mSkXZSqmwnJ6IJlipplw4AbIJRQ=,LJHmivSiED4m5UrZ2ejUGlSOpJ4=
-11,-21,mSkXZSqmwnJ6IJlipplw4AbIJRQ=,LJHmivSiED4m5UrZ2ejUGlSOpJ4=
-7,-30,mSkXZSqmwnJ6IJlipplw4AbIJRQ=,LJHmivSiED4m5UrZ2ejUGlSOpJ4=
-7,-21,mSkXZSqmwnJ6IJlipplw4AbIJRQ=,LJHmivSiED4m5UrZ2ejUGlSOpJ4=
-8,-21,mSkXZSqmwnJ6IJlipplw4AbIJRQ=,LJHmivSiED4m5UrZ2ejUGlSOpJ4=
-13,-21,mSkXZSqmwnJ6IJlipplw4AbIJRQ=,LJHmivSiED4m5UrZ2ejUGlSOpJ4=
-12,-32,mSkXZSqmwnJ6IJlipplw4AbIJRQ=,LJHmivSiED4m5UrZ2ejUGlSOpJ4=
-12,-21,mSkXZSqmwnJ6IJlipplw4AbIJRQ=,LJHmivSiED4m5UrZ2ejUGlSOpJ4=
-14,-21,mSkXZSqmwnJ6IJlipplw4AbIJRQ=,LJHmivSiED4m5UrZ2ejUGlSOpJ4=
-16,-21,mSkXZSqmwnJ6IJlipplw4AbIJRQ=,LJHmivSiED4m5UrZ2ejUGlSOpJ4=
-9,-21,mSkXZSqmwnJ6IJlipplw4AbIJRQ=,LJHmivSiED4m5UrZ2ejUGlSOpJ4=
-10,-21,mSkXZSqmwnJ6IJlipplw4AbIJRQ=,LJHmivSiED4m5UrZ2ejUGlSOpJ4=
-15,-21,mSkXZSqmwnJ6IJlipplw4AbIJRQ=,LJHmivSiED4m5UrZ2ejUGlSOpJ4=
-3,-22,mSkXZSqmwnJ6IJlipplw4AbIJRQ=,LJHmivSiED4m5UrZ2ejUGlSOpJ4=
-2,-22,mSkXZSqmwnJ6IJlipplw4AbIJRQ=,LJHmivSiED4m5UrZ2ejUGlSOpJ4=
-1,-22,mSkXZSqmwnJ6IJlipplw4AbIJRQ=,LJHmivSiED4m5UrZ2ejUGlSOpJ4=
-4,-32,mSkXZSqmwnJ6IJlipplw4AbIJRQ=,LJHmivSiED4m5UrZ2ejUGlSOpJ4=
-6,-22,mSkXZSqmwnJ6IJlipplw4AbIJRQ=,LJHmivSiED4m5UrZ2ejUGlSOpJ4=
-4,-22,mSkXZSqmwnJ6IJlipplw4AbIJRQ=,LJHmivSiED4m5UrZ2ejUGlSOpJ4=
-11,-29,ZdWNNv6c5yzKI/6DQlpNqF37yCA=,LJHmivSiED4m5UrZ2ejUGlSOpJ4=
-5,-22,mSkXZSqmwnJ6IJlipplw4AbIJRQ=,LJHmivSiED4m5UrZ2ejUGlSOpJ4=
-11,-22,mSkXZSqmwnJ6IJlipplw4AbIJRQ=,LJHmivSiED4m5UrZ2ejUGlSOpJ4=
-8,-30,mSkXZSqmwnJ6IJlipplw4AbIJRQ=,LJHmivSiED4m5UrZ2ejUGlSOpJ4=
-7,-22,mSkXZSqmwnJ6IJlipplw4AbIJRQ=,LJHmivSiED4m5UrZ2ejUGlSOpJ4=
-12,-22,mSkXZSqmwnJ6IJlipplw4AbIJRQ=,LJHmivSiED4m5UrZ2ejUGlSOpJ4=
-8,-22,mSkXZSqmwnJ6IJlipplw4AbIJRQ=,LJHmivSiED4m5UrZ2ejUGlSOpJ4=
-9,-22,mSkXZSqmwnJ6IJlipplw4AbIJRQ=,LJHmivSiED4m5UrZ2ejUGlSOpJ4=
-13,-22,mSkXZSqmwnJ6IJlipplw4AbIJRQ=,LJHmivSiED4m5UrZ2ejUGlSOpJ4=
-10,-22,mSkXZSqmwnJ6IJlipplw4AbIJRQ=,LJHmivSiED4m5UrZ2ejUGlSOpJ4=
-15,-22,mSkXZSqmwnJ6IJlipplw4AbIJRQ=,LJHmivSiED4m5UrZ2ejUGlSOpJ4=
-14,-22,mSkXZSqmwnJ6IJlipplw4AbIJRQ=,LJHmivSiED4m5UrZ2ejUGlSOpJ4=
-16,-22,mSkXZSqmwnJ6IJlipplw4AbIJRQ=,LJHmivSiED4m5UrZ2ejUGlSOpJ4=
-1,-23,mSkXZSqmwnJ6IJlipplw4AbIJRQ=,LJHmivSiED4m5UrZ2ejUGlSOpJ4=
-3,-23,mSkXZSqmwnJ6IJlipplw4AbIJRQ=,LJHmivSiED4m5UrZ2ejUGlSOpJ4=
-2,-23,mSkXZSqmwnJ6IJlipplw4AbIJRQ=,LJHmivSiED4m5UrZ2ejUGlSOpJ4=
-10,-29,ZdWNNv6c5yzKI/6DQlpNqF37yCA=,LJHmivSiED4m5UrZ2ejUGlSOpJ4=
-11,-23,mSkXZSqmwnJ6IJlipplw4AbIJRQ=,LJHmivSiED4m5UrZ2ejUGlSOpJ4=
-5,-32,mSkXZSqmwnJ6IJlipplw4AbIJRQ=,LJHmivSiED4m5UrZ2ejUGlSOpJ4=
-4,-23,mSkXZSqmwnJ6IJlipplw4AbIJRQ=,LJHmivSiED4m5UrZ2ejUGlSOpJ4=
-12,-23,mSkXZSqmwnJ6IJlipplw4AbIJRQ=,LJHmivSiED4m5UrZ2ejUGlSOpJ4=
-13,-23,mSkXZSqmwnJ6IJlipplw4AbIJRQ=,LJHmivSiED4m5UrZ2ejUGlSOpJ4=
-5,-23,mSkXZSqmwnJ6IJlipplw4AbIJRQ=,LJHmivSiED4m5UrZ2ejUGlSOpJ4=
-14,-23,mSkXZSqmwnJ6IJlipplw4AbIJRQ=,LJHmivSiED4m5UrZ2ejUGlSOpJ4=
-15,-23,mSkXZSqmwnJ6IJlipplw4AbIJRQ=,LJHmivSiED4m5UrZ2ejUGlSOpJ4=
-16,-23,mSkXZSqmwnJ6IJlipplw4AbIJRQ=,LJHmivSiED4m5UrZ2ejUGlSOpJ4=
-7,-23,mSkXZSqmwnJ6IJlipplw4AbIJRQ=,LJHmivSiED4m5UrZ2ejUGlSOpJ4=
-9,-23,mSkXZSqmwnJ6IJlipplw4AbIJRQ=,LJHmivSiED4m5UrZ2ejUGlSOpJ4=
-10,-23,mSkXZSqmwnJ6IJlipplw4AbIJRQ=,LJHmivSiED4m5UrZ2ejUGlSOpJ4=
-9,-30,mSkXZSqmwnJ6IJlipplw4AbIJRQ=,LJHmivSiED4m5UrZ2ejUGlSOpJ4=
-8,-23,mSkXZSqmwnJ6IJlipplw4AbIJRQ=,LJHmivSiED4m5UrZ2ejUGlSOpJ4=
-6,-23,mSkXZSqmwnJ6IJlipplw4AbIJRQ=,LJHmivSiED4m5UrZ2ejUGlSOpJ4=
-9,-29,ZdWNNv6c5yzKI/6DQlpNqF37yCA=,LJHmivSiED4m5UrZ2ejUGlSOpJ4=
-6,-32,mSkXZSqmwnJ6IJlipplw4AbIJRQ=,LJHmivSiED4m5UrZ2ejUGlSOpJ4=
-11,-24,mSkXZSqmwnJ6IJlipplw4AbIJRQ=,LJHmivSiED4m5UrZ2ejUGlSOpJ4=
-1,-24,mSkXZSqmwnJ6IJlipplw4AbIJRQ=,LJHmivSiED4m5UrZ2ejUGlSOpJ4=
-13,-24,mSkXZSqmwnJ6IJlipplw4AbIJRQ=,LJHmivSiED4m5UrZ2ejUGlSOpJ4=
-2,-24,mSkXZSqmwnJ6IJlipplw4AbIJRQ=,LJHmivSiED4m5UrZ2ejUGlSOpJ4=
-12,-24,mSkXZSqmwnJ6IJlipplw4AbIJRQ=,LJHmivSiED4m5UrZ2ejUGlSOpJ4=
-3,-24,mSkXZSqmwnJ6IJlipplw4AbIJRQ=,LJHmivSiED4m5UrZ2ejUGlSOpJ4=
-4,-24,mSkXZSqmwnJ6IJlipplw4AbIJRQ=,LJHmivSiED4m5UrZ2ejUGlSOpJ4=
-14,-24,mSkXZSqmwnJ6IJlipplw4AbIJRQ=,LJHmivSiED4m5UrZ2ejUGlSOpJ4=
-5,-24,mSkXZSqmwnJ6IJlipplw4AbIJRQ=,LJHmivSiED4m5UrZ2ejUGlSOpJ4=
-6,-24,mSkXZSqmwnJ6IJlipplw4AbIJRQ=,LJHmivSiED4m5UrZ2ejUGlSOpJ4=
-8,-24,mSkXZSqmwnJ6IJlipplw4AbIJRQ=,LJHmivSiED4m5UrZ2ejUGlSOpJ4=
-7,-24,mSkXZSqmwnJ6IJlipplw4AbIJRQ=,LJHmivSiED4m5UrZ2ejUGlSOpJ4=
-9,-24,mSkXZSqmwnJ6IJlipplw4AbIJRQ=,LJHmivSiED4m5UrZ2ejUGlSOpJ4=
-15,-24,mSkXZSqmwnJ6IJlipplw4AbIJRQ=,LJHmivSiED4m5UrZ2ejUGlSOpJ4=
-16,-24,mSkXZSqmwnJ6IJlipplw4AbIJRQ=,LJHmivSiED4m5UrZ2ejUGlSOpJ4=
-10,-30,ZdWNNv6c5yzKI/6DQlpNqF37yCA=,LJHmivSiED4m5UrZ2ejUGlSOpJ4=
-10,-24,mSkXZSqmwnJ6IJlipplw4AbIJRQ=,LJHmivSiED4m5UrZ2ejUGlSOpJ4=
-8,-29,ZdWNNv6c5yzKI/6DQlpNqF37yCA=,LJHmivSiED4m5UrZ2ejUGlSOpJ4=
-7,-32,mSkXZSqmwnJ6IJlipplw4AbIJRQ=,LJHmivSiED4m5UrZ2ejUGlSOpJ4=
-2,-25,mSkXZSqmwnJ6IJlipplw4AbIJRQ=,LJHmivSiED4m5UrZ2ejUGlSOpJ4=
-1,-25,mSkXZSqmwnJ6IJlipplw4AbIJRQ=,LJHmivSiED4m5UrZ2ejUGlSOpJ4=
-3,-25,mSkXZSqmwnJ6IJlipplw4AbIJRQ=,LJHmivSiED4m5UrZ2ejUGlSOpJ4=
-11,-25,mSkXZSqmwnJ6IJlipplw4AbIJRQ=,LJHmivSiED4m5UrZ2ejUGlSOpJ4=
-12,-25,mSkXZSqmwnJ6IJlipplw4AbIJRQ=,LJHmivSiED4m5UrZ2ejUGlSOpJ4=
-11,-30,ZdWNNv6c5yzKI/6DQlpNqF37yCA=,LJHmivSiED4m5UrZ2ejUGlSOpJ4=
-4,-25,mSkXZSqmwnJ6IJlipplw4AbIJRQ=,LJHmivSiED4m5UrZ2ejUGlSOpJ4=
-13,-25,mSkXZSqmwnJ6IJlipplw4AbIJRQ=,LJHmivSiED4m5UrZ2ejUGlSOpJ4=
-10,-25,mSkXZSqmwnJ6IJlipplw4AbIJRQ=,LJHmivSiED4m5UrZ2ejUGlSOpJ4=
-8,-25,mSkXZSqmwnJ6IJlipplw4AbIJRQ=,LJHmivSiED4m5UrZ2ejUGlSOpJ4=
-7,-25,mSkXZSqmwnJ6IJlipplw4AbIJRQ=,LJHmivSiED4m5UrZ2ejUGlSOpJ4=
-6,-25,mSkXZSqmwnJ6IJlipplw4AbIJRQ=,LJHmivSiED4m5UrZ2ejUGlSOpJ4=
-9,-25,mSkXZSqmwnJ6IJlipplw4AbIJRQ=,LJHmivSiED4m5UrZ2ejUGlSOpJ4=
-5,-25,mSkXZSqmwnJ6IJlipplw4AbIJRQ=,LJHmivSiED4m5UrZ2ejUGlSOpJ4=
-7,-29,ZdWNNv6c5yzKI/6DQlpNqF37yCA=,LJHmivSiED4m5UrZ2ejUGlSOpJ4=
-14,-25,mSkXZSqmwnJ6IJlipplw4AbIJRQ=,LJHmivSiED4m5UrZ2ejUGlSOpJ4=
-16,-25,mSkXZSqmwnJ6IJlipplw4AbIJRQ=,LJHmivSiED4m5UrZ2ejUGlSOpJ4=
-15,-25,mSkXZSqmwnJ6IJlipplw4AbIJRQ=,LJHmivSiED4m5UrZ2ejUGlSOpJ4=
-12,-30,mSkXZSqmwnJ6IJlipplw4AbIJRQ=,LJHmivSiED4m5UrZ2ejUGlSOpJ4=
-8,-32,mSkXZSqmwnJ6IJlipplw4AbIJRQ=,LJHmivSiED4m5UrZ2ejUGlSOpJ4=
-11,-26,mSkXZSqmwnJ6IJlipplw4AbIJRQ=,LJHmivSiED4m5UrZ2ejUGlSOpJ4=
-2,-26,mSkXZSqmwnJ6IJlipplw4AbIJRQ=,LJHmivSiED4m5UrZ2ejUGlSOpJ4=
-1,-26,mSkXZSqmwnJ6IJlipplw4AbIJRQ=,LJHmivSiED4m5UrZ2ejUGlSOpJ4=
-3,-26,mSkXZSqmwnJ6IJlipplw4AbIJRQ=,LJHmivSiED4m5UrZ2ejUGlSOpJ4=
-4,-26,mSkXZSqmwnJ6IJlipplw4AbIJRQ=,LJHmivSiED4m5UrZ2ejUGlSOpJ4=
-12,-26,mSkXZSqmwnJ6IJlipplw4AbIJRQ=,LJHmivSiED4m5UrZ2ejUGlSOpJ4=
-5,-26,mSkXZSqmwnJ6IJlipplw4AbIJRQ=,LJHmivSiED4m5UrZ2ejUGlSOpJ4=
-13,-26,mSkXZSqmwnJ6IJlipplw4AbIJRQ=,LJHmivSiED4m5UrZ2ejUGlSOpJ4=
-6,-26,mSkXZSqmwnJ6IJlipplw4AbIJRQ=,LJHmivSiED4m5UrZ2ejUGlSOpJ4=
-7,-26,mSkXZSqmwnJ6IJlipplw4AbIJRQ=,LJHmivSiED4m5UrZ2ejUGlSOpJ4=
-8,-26,mSkXZSqmwnJ6IJlipplw4AbIJRQ=,LJHmivSiED4m5UrZ2ejUGlSOpJ4=
-9,-26,mSkXZSqmwnJ6IJlipplw4AbIJRQ=,LJHmivSiED4m5UrZ2ejUGlSOpJ4=
-14,-26,mSkXZSqmwnJ6IJlipplw4AbIJRQ=,LJHmivSiED4m5UrZ2ejUGlSOpJ4=
-15,-26,mSkXZSqmwnJ6IJlipplw4AbIJRQ=,LJHmivSiED4m5UrZ2ejUGlSOpJ4=
-10,-26,mSkXZSqmwnJ6IJlipplw4AbIJRQ=,LJHmivSiED4m5UrZ2ejUGlSOpJ4=
-16,-26,mSkXZSqmwnJ6IJlipplw4AbIJRQ=,LJHmivSiED4m5UrZ2ejUGlSOpJ4=
-6,-29,mSkXZSqmwnJ6IJlipplw4AbIJRQ=,LJHmivSiED4m5UrZ2ejUGlSOpJ4=
-9,-32,mSkXZSqmwnJ6IJlipplw4AbIJRQ=,LJHmivSiED4m5UrZ2ejUGlSOpJ4=
-11,-27,mSkXZSqmwnJ6IJlipplw4AbIJRQ=,LJHmivSiED4m5UrZ2ejUGlSOpJ4=
-1,-27,mSkXZSqmwnJ6IJlipplw4AbIJRQ=,LJHmivSiED4m5UrZ2ejUGlSOpJ4=
-13,-30,mSkXZSqmwnJ6IJlipplw4AbIJRQ=,LJHmivSiED4m5UrZ2ejUGlSOpJ4=
-2,-27,mSkXZSqmwnJ6IJlipplw4AbIJRQ=,LJHmivSiED4m5UrZ2ejUGlSOpJ4=
-4,-27,mSkXZSqmwnJ6IJlipplw4AbIJRQ=,LJHmivSiED4m5UrZ2ejUGlSOpJ4=
-3,-27,mSkXZSqmwnJ6IJlipplw4AbIJRQ=,LJHmivSiED4m5UrZ2ejUGlSOpJ4=
-5,-27,mSkXZSqmwnJ6IJlipplw4AbIJRQ=,LJHmivSiED4m5UrZ2ejUGlSOpJ4=
-13,-27,mSkXZSqmwnJ6IJlipplw4AbIJRQ=,LJHmivSiED4m5UrZ2ejUGlSOpJ4=
-12,-27,mSkXZSqmwnJ6IJlipplw4AbIJRQ=,LJHmivSiED4m5UrZ2ejUGlSOpJ4=
-8,-27,mSkXZSqmwnJ6IJlipplw4AbIJRQ=,LJHmivSiED4m5UrZ2ejUGlSOpJ4=
-6,-27,mSkXZSqmwnJ6IJlipplw4AbIJRQ=,LJHmivSiED4m5UrZ2ejUGlSOpJ4=
-7,-27,mSkXZSqmwnJ6IJlipplw4AbIJRQ=,LJHmivSiED4m5UrZ2ejUGlSOpJ4=
-9,-27,mSkXZSqmwnJ6IJlipplw4AbIJRQ=,LJHmivSiED4m5UrZ2ejUGlSOpJ4=
-10,-27,mSkXZSqmwnJ6IJlipplw4AbIJRQ=,LJHmivSiED4m5UrZ2ejUGlSOpJ4=
-14,-27,mSkXZSqmwnJ6IJlipplw4AbIJRQ=,LJHmivSiED4m5UrZ2ejUGlSOpJ4=
-10,-32,mSkXZSqmwnJ6IJlipplw4AbIJRQ=,LJHmivSiED4m5UrZ2ejUGlSOpJ4=
-15,-27,mSkXZSqmwnJ6IJlipplw4AbIJRQ=,LJHmivSiED4m5UrZ2ejUGlSOpJ4=
-16,-27,mSkXZSqmwnJ6IJlipplw4AbIJRQ=,LJHmivSiED4m5UrZ2ejUGlSOpJ4=
-5,-29,mSkXZSqmwnJ6IJlipplw4AbIJRQ=,LJHmivSiED4m5UrZ2ejUGlSOpJ4=
-11,-28,mSkXZSqmwnJ6IJlipplw4AbIJRQ=,LJHmivSiED4m5UrZ2ejUGlSOpJ4=
-2,-28,mSkXZSqmwnJ6IJlipplw4AbIJRQ=,LJHmivSiED4m5UrZ2ejUGlSOpJ4=
-11,-32,ZdWNNv6c5yzKI/6DQlpNqF37yCA=,LJHmivSiED4m5UrZ2ejUGlSOpJ4=
-3,-28,mSkXZSqmwnJ6IJlipplw4AbIJRQ=,LJHmivSiED4m5UrZ2ejUGlSOpJ4=
-1,-28,mSkXZSqmwnJ6IJlipplw4AbIJRQ=,LJHmivSiED4m5UrZ2ejUGlSOpJ4=
-4,-28,mSkXZSqmwnJ6IJlipplw4AbIJRQ=,LJHmivSiED4m5UrZ2ejUGlSOpJ4=
-12,-28,mSkXZSqmwnJ6IJlipplw4AbIJRQ=,LJHmivSiED4m5UrZ2ejUGlSOpJ4=
-5,-28,mSkXZSqmwnJ6IJlipplw4AbIJRQ=,LJHmivSiED4m5UrZ2ejUGlSOpJ4=
-14,-30,mSkXZSqmwnJ6IJlipplw4AbIJRQ=,LJHmivSiED4m5UrZ2ejUGlSOpJ4=
-7,-28,mSkXZSqmwnJ6IJlipplw4AbIJRQ=,LJHmivSiED4m5UrZ2ejUGlSOpJ4=
-8,-28,mSkXZSqmwnJ6IJlipplw4AbIJRQ=,LJHmivSiED4m5UrZ2ejUGlSOpJ4=
-13,-28,mSkXZSqmwnJ6IJlipplw4AbIJRQ=,LJHmivSiED4m5UrZ2ejUGlSOpJ4=
-9,-28,mSkXZSqmwnJ6IJlipplw4AbIJRQ=,LJHmivSiED4m5UrZ2ejUGlSOpJ4=
-6,-28,mSkXZSqmwnJ6IJlipplw4AbIJRQ=,LJHmivSiED4m5UrZ2ejUGlSOpJ4=
-14,-28,mSkXZSqmwnJ6IJlipplw4AbIJRQ=,LJHmivSiED4m5UrZ2ejUGlSOpJ4=
-10,-28,mSkXZSqmwnJ6IJlipplw4AbIJRQ=,LJHmivSiED4m5UrZ2ejUGlSOpJ4=
-4,-29,mSkXZSqmwnJ6IJlipplw4AbIJRQ=,LJHmivSiED4m5UrZ2ejUGlSOpJ4=
-16,-32,mSkXZSqmwnJ6IJlipplw4AbIJRQ=,LJHmivSiED4m5UrZ2ejUGlSOpJ4=
-1,-29,mSkXZSqmwnJ6IJlipplw4AbIJRQ=,LJHmivSiED4m5UrZ2ejUGlSOpJ4=
-15,-28,mSkXZSqmwnJ6IJlipplw4AbIJRQ=,LJHmivSiED4m5UrZ2ejUGlSOpJ4=
-16,-28,mSkXZSqmwnJ6IJlipplw4AbIJRQ=,LJHmivSiED4m5UrZ2ejUGlSOpJ4=
-15,-30,mSkXZSqmwnJ6IJlipplw4AbIJRQ=,LJHmivSiED4m5UrZ2ejUGlSOpJ4=
-2,-29,mSkXZSqmwnJ6IJlipplw4AbIJRQ=,LJHmivSiED4m5UrZ2ejUGlSOpJ4=
-3,-29,mSkXZSqmwnJ6IJlipplw4AbIJRQ=,LJHmivSiED4m5UrZ2ejUGlSOpJ4=
-19,-14,wFFiSAHxY/Vyq9wPfXE6CN3GC5M=,xfpEnKjotZlRGNgE94Cam8H2yIk=
-17,-1,wFFiSAHxY/Vyq9wPfXE6CN3GC5M=,xfpEnKjotZlRGNgE94Cam8H2yIk=
-20,-14,wFFiSAHxY/Vyq9wPfXE6CN3GC5M=,xfpEnKjotZlRGNgE94Cam8H2yIk=
-17,-15,wFFiSAHxY/Vyq9wPfXE6CN3GC5M=,xfpEnKjotZlRGNgE94Cam8H2yIk=
-20,-13,wFFiSAHxY/Vyq9wPfXE6CN3GC5M=,xfpEnKjotZlRGNgE94Cam8H2yIk=
-18,-14,wFFiSAHxY/Vyq9wPfXE6CN3GC5M=,xfpEnKjotZlRGNgE94Cam8H2yIk=
-19,-1,wFFiSAHxY/Vyq9wPfXE6CN3GC5M=,xfpEnKjotZlRGNgE94Cam8H2yIk=
-31,-14,wFFiSAHxY/Vyq9wPfXE6CN3GC5M=,xfpEnKjotZlRGNgE94Cam8H2yIk=
-18,-1,wFFiSAHxY/Vyq9wPfXE6CN3GC5M=,xfpEnKjotZlRGNgE94Cam8H2yIk=
-21,-14,wFFiSAHxY/Vyq9wPfXE6CN3GC5M=,xfpEnKjotZlRGNgE94Cam8H2yIk=
-20,-1,wFFiSAHxY/Vyq9wPfXE6CN3GC5M=,xfpEnKjotZlRGNgE94Cam8H2yIk=
-32,-14,wFFiSAHxY/Vyq9wPfXE6CN3GC5M=,xfpEnKjotZlRGNgE94Cam8H2yIk=
-21,-1,wFFiSAHxY/Vyq9wPfXE6CN3GC5M=,xfpEnKjotZlRGNgE94Cam8H2yIk=
-30,-14,wFFiSAHxY/Vyq9wPfXE6CN3GC5M=,xfpEnKjotZlRGNgE94Cam8H2yIk=
-22,-1,wFFiSAHxY/Vyq9wPfXE6CN3GC5M=,xfpEnKjotZlRGNgE94Cam8H2yIk=
-23,-1,wFFiSAHxY/Vyq9wPfXE6CN3GC5M=,xfpEnKjotZlRGNgE94Cam8H2yIk=
-28,-14,wFFiSAHxY/Vyq9wPfXE6CN3GC5M=,xfpEnKjotZlRGNgE94Cam8H2yIk=
-21,-13,wFFiSAHxY/Vyq9wPfXE6CN3GC5M=,xfpEnKjotZlRGNgE94Cam8H2yIk=
-22,-14,wFFiSAHxY/Vyq9wPfXE6CN3GC5M=,xfpEnKjotZlRGNgE94Cam8H2yIk=
-26,-14,wFFiSAHxY/Vyq9wPfXE6CN3GC5M=,xfpEnKjotZlRGNgE94Cam8H2yIk=
-27,-14,wFFiSAHxY/Vyq9wPfXE6CN3GC5M=,xfpEnKjotZlRGNgE94Cam8H2yIk=
-29,-16,wFFiSAHxY/Vyq9wPfXE6CN3GC5M=,xfpEnKjotZlRGNgE94Cam8H2yIk=
-24,-14,wFFiSAHxY/Vyq9wPfXE6CN3GC5M=,xfpEnKjotZlRGNgE94Cam8H2yIk=
-24,-1,wFFiSAHxY/Vyq9wPfXE6CN3GC5M=,xfpEnKjotZlRGNgE94Cam8H2yIk=
-23,-14,wFFiSAHxY/Vyq9wPfXE6CN3GC5M=,xfpEnKjotZlRGNgE94Cam8H2yIk=
-25,-14,wFFiSAHxY/Vyq9wPfXE6CN3GC5M=,xfpEnKjotZlRGNgE94Cam8H2yIk=
-25,-1,wFFiSAHxY/Vyq9wPfXE6CN3GC5M=,xfpEnKjotZlRGNgE94Cam8H2yIk=
-28,-16,wFFiSAHxY/Vyq9wPfXE6CN3GC5M=,xfpEnKjotZlRGNgE94Cam8H2yIk=
-29,-14,wFFiSAHxY/Vyq9wPfXE6CN3GC5M=,xfpEnKjotZlRGNgE94Cam8H2yIk=
-31,-16,wFFiSAHxY/Vyq9wPfXE6CN3GC5M=,xfpEnKjotZlRGNgE94Cam8H2yIk=
-30,-16,wFFiSAHxY/Vyq9wPfXE6CN3GC5M=,xfpEnKjotZlRGNgE94Cam8H2yIk=
-17,-3,wFFiSAHxY/Vyq9wPfXE6CN3GC5M=,xfpEnKjotZlRGNgE94Cam8H2yIk=
-32,-2,wFFiSAHxY/Vyq9wPfXE6CN3GC5M=,xfpEnKjotZlRGNgE94Cam8H2yIk=
-31,-1,wFFiSAHxY/Vyq9wPfXE6CN3GC5M=,xfpEnKjotZlRGNgE94Cam8H2yIk=
-27,-1,wFFiSAHxY/Vyq9wPfXE6CN3GC5M=,xfpEnKjotZlRGNgE94Cam8H2yIk=
-26,-1,wFFiSAHxY/Vyq9wPfXE6CN3GC5M=,xfpEnKjotZlRGNgE94Cam8H2yIk=
-19,-3,wFFiSAHxY/Vyq9wPfXE6CN3GC5M=,xfpEnKjotZlRGNgE94Cam8H2yIk=
-18,-3,wFFiSAHxY/Vyq9wPfXE6CN3GC5M=,xfpEnKjotZlRGNgE94Cam8H2yIk=
-29,-1,wFFiSAHxY/Vyq9wPfXE6CN3GC5M=,xfpEnKjotZlRGNgE94Cam8H2yIk=
-28,-1,wFFiSAHxY/Vyq9wPfXE6CN3GC5M=,xfpEnKjotZlRGNgE94Cam8H2yIk=
-20,-3,wFFiSAHxY/Vyq9wPfXE6CN3GC5M=,xfpEnKjotZlRGNgE94Cam8H2yIk=
-30,-1,wFFiSAHxY/Vyq9wPfXE6CN3GC5M=,xfpEnKjotZlRGNgE94Cam8H2yIk=
-21,-3,wFFiSAHxY/Vyq9wPfXE6CN3GC5M=,xfpEnKjotZlRGNgE94Cam8H2yIk=
-19,-13,wFFiSAHxY/Vyq9wPfXE6CN3GC5M=,xfpEnKjotZlRGNgE94Cam8H2yIk=
-22,-3,wFFiSAHxY/Vyq9wPfXE6CN3GC5M=,xfpEnKjotZlRGNgE94Cam8H2yIk=
-23,-13,wFFiSAHxY/Vyq9wPfXE6CN3GC5M=,xfpEnKjotZlRGNgE94Cam8H2yIk=
-22,-13,wFFiSAHxY/Vyq9wPfXE6CN3GC5M=,xfpEnKjotZlRGNgE94Cam8H2yIk=
-19,-15,wFFiSAHxY/Vyq9wPfXE6CN3GC5M=,xfpEnKjotZlRGNgE94Cam8H2yIk=
-17,-16,wFFiSAHxY/Vyq9wPfXE6CN3GC5M=,xfpEnKjotZlRGNgE94Cam8H2yIk=
-23,-3,wFFiSAHxY/Vyq9wPfXE6CN3GC5M=,xfpEnKjotZlRGNgE94Cam8H2yIk=
-24,-13,wFFiSAHxY/Vyq9wPfXE6CN3GC5M=,xfpEnKjotZlRGNgE94Cam8H2yIk=
-24,-3,wFFiSAHxY/Vyq9wPfXE6CN3GC5M=,xfpEnKjotZlRGNgE94Cam8H2yIk=
-31,-3,wFFiSAHxY/Vyq9wPfXE6CN3GC5M=,xfpEnKjotZlRGNgE94Cam8H2yIk=
-18,-13,wFFiSAHxY/Vyq9wPfXE6CN3GC5M=,xfpEnKjotZlRGNgE94Cam8H2yIk=
-25,-3,wFFiSAHxY/Vyq9wPfXE6CN3GC5M=,xfpEnKjotZlRGNgE94Cam8H2yIk=
-26,-3,wFFiSAHxY/Vyq9wPfXE6CN3GC5M=,xfpEnKjotZlRGNgE94Cam8H2yIk=
-27,-3,wFFiSAHxY/Vyq9wPfXE6CN3GC5M=,xfpEnKjotZlRGNgE94Cam8H2yIk=
-28,-3,wFFiSAHxY/Vyq9wPfXE6CN3GC5M=,xfpEnKjotZlRGNgE94Cam8H2yIk=
-31,-2,wFFiSAHxY/Vyq9wPfXE6CN3GC5M=,xfpEnKjotZlRGNgE94Cam8H2yIk=
-32,-3,wFFiSAHxY/Vyq9wPfXE6CN3GC5M=,xfpEnKjotZlRGNgE94Cam8H2yIk=
-32,-1,wFFiSAHxY/Vyq9wPfXE6CN3GC5M=,xfpEnKjotZlRGNgE94Cam8H2yIk=
-17,-4,wFFiSAHxY/Vyq9wPfXE6CN3GC5M=,xfpEnKjotZlRGNgE94Cam8H2yIk=
-20,-15,wFFiSAHxY/Vyq9wPfXE6CN3GC5M=,xfpEnKjotZlRGNgE94Cam8H2yIk=
-29,-3,wFFiSAHxY/Vyq9wPfXE6CN3GC5M=,xfpEnKjotZlRGNgE94Cam8H2yIk=
-30,-3,wFFiSAHxY/Vyq9wPfXE6CN3GC5M=,xfpEnKjotZlRGNgE94Cam8H2yIk=
-18,-15,wFFiSAHxY/Vyq9wPfXE6CN3GC5M=,xfpEnKjotZlRGNgE94Cam8H2yIk=
-18,-4,wFFiSAHxY/Vyq9wPfXE6CN3GC5M=,xfpEnKjotZlRGNgE94Cam8H2yIk=
-17,-13,wFFiSAHxY/Vyq9wPfXE6CN3GC5M=,xfpEnKjotZlRGNgE94Cam8H2yIk=
-32,-15,wFFiSAHxY/Vyq9wPfXE6CN3GC5M=,xfpEnKjotZlRGNgE94Cam8H2yIk=
-23,-4,wFFiSAHxY/Vyq9wPfXE6CN3GC5M=,xfpEnKjotZlRGNgE94Cam8H2yIk=
-22,-4,wFFiSAHxY/Vyq9wPfXE6CN3GC5M=,xfpEnKjotZlRGNgE94Cam8H2yIk=
-20,-4,wFFiSAHxY/Vyq9wPfXE6CN3GC5M=,xfpEnKjotZlRGNgE94Cam8H2yIk=
-21,-4,wFFiSAHxY/Vyq9wPfXE6CN3GC5M=,xfpEnKjotZlRGNgE94Cam8H2yIk=
-25,-4,wFFiSAHxY/Vyq9wPfXE6CN3GC5M=,xfpEnKjotZlRGNgE94Cam8H2yIk=
-18,-16,wFFiSAHxY/Vyq9wPfXE6CN3GC5M=,xfpEnKjotZlRGNgE94Cam8H2yIk=
-26,-4,wFFiSAHxY/Vyq9wPfXE6CN3GC5M=,xfpEnKjotZlRGNgE94Cam8H2yIk=
-24,-4,wFFiSAHxY/Vyq9wPfXE6CN3GC5M=,xfpEnKjotZlRGNgE94Cam8H2yIk=
-19,-4,wFFiSAHxY/Vyq9wPfXE6CN3GC5M=,xfpEnKjotZlRGNgE94Cam8H2yIk=
-25,-13,wFFiSAHxY/Vyq9wPfXE6CN3GC5M=,xfpEnKjotZlRGNgE94Cam8H2yIk=
-32,-12,wFFiSAHxY/Vyq9wPfXE6CN3GC5M=,xfpEnKjotZlRGNgE94Cam8H2yIk=
-31,-15,wFFiSAHxY/Vyq9wPfXE6CN3GC5M=,xfpEnKjotZlRGNgE94Cam8H2yIk=
-17,-2,wFFiSAHxY/Vyq9wPfXE6CN3GC5M=,xfpEnKjotZlRGNgE94Cam8H2yIk=
-18,-2,wFFiSAHxY/Vyq9wPfXE6CN3GC5M=,xfpEnKjotZlRGNgE94Cam8H2yIk=
-27,-4,wFFiSAHxY/Vyq9wPfXE6CN3GC5M=,xfpEnKjotZlRGNgE94Cam8H2yIk=
-29,-4,wFFiSAHxY/Vyq9wPfXE6CN3GC5M=,xfpEnKjotZlRGNgE94Cam8H2yIk=
-19,-2,wFFiSAHxY/Vyq9wPfXE6CN3GC5M=,xfpEnKjotZlRGNgE94Cam8H2yIk=
-20,-2,wFFiSAHxY/Vyq9wPfXE6CN3GC5M=,xfpEnKjotZlRGNgE94Cam8H2yIk=
-31,-4,wFFiSAHxY/Vyq9wPfXE6CN3GC5M=,xfpEnKjotZlRGNgE94Cam8H2yIk=
-30,-4,wFFiSAHxY/Vyq9wPfXE6CN3GC5M=,xfpEnKjotZlRGNgE94Cam8H2yIk=
-21,-2,wFFiSAHxY/Vyq9wPfXE6CN3GC5M=,xfpEnKjotZlRGNgE94Cam8H2yIk=
-32,-4,wFFiSAHxY/Vyq9wPfXE6CN3GC5M=,xfpEnKjotZlRGNgE94Cam8H2yIk=
-28,-4,wFFiSAHxY/Vyq9wPfXE6CN3GC5M=,xfpEnKjotZlRGNgE94Cam8H2yIk=
-19,-5,wFFiSAHxY/Vyq9wPfXE6CN3GC5M=,xfpEnKjotZlRGNgE94Cam8H2yIk=
-22,-2,wFFiSAHxY/Vyq9wPfXE6CN3GC5M=,xfpEnKjotZlRGNgE94Cam8H2yIk=
-20,-5,wFFiSAHxY/Vyq9wPfXE6CN3GC5M=,xfpEnKjotZlRGNgE94Cam8H2yIk=
-27,-16,wFFiSAHxY/Vyq9wPfXE6CN3GC5M=,xfpEnKjotZlRGNgE94Cam8H2yIk=
-21,-5,wFFiSAHxY/Vyq9wPfXE6CN3GC5M=,xfpEnKjotZlRGNgE94Cam8H2yIk=
-21,-15,wFFiSAHxY/Vyq9wPfXE6CN3GC5M=,xfpEnKjotZlRGNgE94Cam8H2yIk=
-30,-2,wFFiSAHxY/Vyq9wPfXE6CN3GC5M=,xfpEnKjotZlRGNgE94Cam8H2yIk=
-23,-2,wFFiSAHxY/Vyq9wPfXE6CN3GC5M=,xfpEnKjotZlRGNgE94Cam8H2yIk=
-17,-5,wFFiSAHxY/Vyq9wPfXE6CN3GC5M=,xfpEnKjotZlRGNgE94Cam8H2yIk=
-22,-5,wFFiSAHxY/Vyq9wPfXE6CN3GC5M=,xfpEnKjotZlRGNgE94Cam8H2yIk=
-18,-5,wFFiSAHxY/Vyq9wPfXE6CN3GC5M=,xfpEnKjotZlRGNgE94Cam8H2yIk=
-19,-16,wFFiSAHxY/Vyq9wPfXE6CN3GC5M=,xfpEnKjotZlRGNgE94Cam8H2yIk=
-30,-15,wFFiSAHxY/Vyq9wPfXE6CN3GC5M=,xfpEnKjotZlRGNgE94Cam8H2yIk=
-26,-13,wFFiSAHxY/Vyq9wPfXE6CN3GC5M=,xfpEnKjotZlRGNgE94Cam8H2yIk=
-23,-5,wFFiSAHxY/Vyq9wPfXE6CN3GC5M=,xfpEnKjotZlRGNgE94Cam8H2yIk=
-24,-5,wFFiSAHxY/Vyq9wPfXE6CN3GC5M=,xfpEnKjotZlRGNgE94Cam8H2yIk=
-31,-5,wFFiSAHxY/Vyq9wPfXE6CN3GC5M=,xfpEnKjotZlRGNgE94Cam8H2yIk=
-25,-5,wFFiSAHxY/Vyq9wPfXE6CN3GC5M=,xfpEnKjotZlRGNgE94Cam8H2yIk=
-26,-5,wFFiSAHxY/Vyq9wPfXE6CN3GC5M=,xfpEnKjotZlRGNgE94Cam8H2yIk=
-32,-5,wFFiSAHxY/Vyq9wPfXE6CN3GC5M=,xfpEnKjotZlRGNgE94Cam8H2yIk=
-27,-5,wFFiSAHxY/Vyq9wPfXE6CN3GC5M=,xfpEnKjotZlRGNgE94Cam8H2yIk=
-24,-2,wFFiSAHxY/Vyq9wPfXE6CN3GC5M=,xfpEnKjotZlRGNgE94Cam8H2yIk=
-31,-12,wFFiSAHxY/Vyq9wPfXE6CN3GC5M=,xfpEnKjotZlRGNgE94Cam8H2yIk=
-22,-15,wFFiSAHxY/Vyq9wPfXE6CN3GC5M=,xfpEnKjotZlRGNgE94Cam8H2yIk=
-25,-2,wFFiSAHxY/Vyq9wPfXE6CN3GC5M=,xfpEnKjotZlRGNgE94Cam8H2yIk=
-28,-5,wFFiSAHxY/Vyq9wPfXE6CN3GC5M=,xfpEnKjotZlRGNgE94Cam8H2yIk=
-17,-6,wFFiSAHxY/Vyq9wPfXE6CN3GC5M=,xfpEnKjotZlRGNgE94Cam8H2yIk=
-18,-6,wFFiSAHxY/Vyq9wPfXE6CN3GC5M=,xfpEnKjotZlRGNgE94Cam8H2yIk=
-29,-2,wFFiSAHxY/Vyq9wPfXE6CN3GC5M=,xfpEnKjotZlRGNgE94Cam8H2yIk=
-27,-2,wFFiSAHxY/Vyq9wPfXE6CN3GC5M=,xfpEnKjotZlRGNgE94Cam8H2yIk=
-19,-6,wFFiSAHxY/Vyq9wPfXE6CN3GC5M=,xfpEnKjotZlRGNgE94Cam8H2yIk=
-29,-5,wFFiSAHxY/Vyq9wPfXE6CN3GC5M=,xfpEnKjotZlRGNgE94Cam8H2yIk=
-30,-5,wFFiSAHxY/Vyq9wPfXE6CN3GC5M=,xfpEnKjotZlRGNgE94Cam8H2yIk=
-20,-6,wFFiSAHxY/Vyq9wPfXE6CN3GC5M=,xfpEnKjotZlRGNgE94Cam8H2yIk=
-30,-12,wFFiSAHxY/Vyq9wPfXE6CN3GC5M=,xfpEnKjotZlRGNgE94Cam8H2yIk=
-20,-16,wFFiSAHxY/Vyq9wPfXE6CN3GC5M=,xfpEnKjotZlRGNgE94Cam8H2yIk=
-27,-13,wFFiSAHxY/Vyq9wPfXE6CN3GC5M=,xfpEnKjotZlRGNgE94Cam8H2yIk=
-24,-6,wFFiSAHxY/Vyq9wPfXE6CN3GC5M=,xfpEnKjotZlRGNgE94Cam8H2yIk=
-26,-2,wFFiSAHxY/Vyq9wPfXE6CN3GC5M=,xfpEnKjotZlRGNgE94Cam8H2yIk=
-28,-2,wFFiSAHxY/Vyq9wPfXE6CN3GC5M=,xfpEnKjotZlRGNgE94Cam8H2yIk=
-22,-6,wFFiSAHxY/Vyq9wPfXE6CN3GC5M=,xfpEnKjotZlRGNgE94Cam8H2yIk=
-26,-6,wFFiSAHxY/Vyq9wPfXE6CN3GC5M=,xfpEnKjotZlRGNgE94Cam8H2yIk=
-23,-6,wFFiSAHxY/Vyq9wPfXE6CN3GC5M=,xfpEnKjotZlRGNgE94Cam8H2yIk=
-25,-6,wFFiSAHxY/Vyq9wPfXE6CN3GC5M=,xfpEnKjotZlRGNgE94Cam8H2yIk=
-21,-6,wFFiSAHxY/Vyq9wPfXE6CN3GC5M=,xfpEnKjotZlRGNgE94Cam8H2yIk=
-27,-6,wFFiSAHxY/Vyq9wPfXE6CN3GC5M=,xfpEnKjotZlRGNgE94Cam8H2yIk=
-31,-6,wFFiSAHxY/Vyq9wPfXE6CN3GC5M=,xfpEnKjotZlRGNgE94Cam8H2yIk=
-29,-12,wFFiSAHxY/Vyq9wPfXE6CN3GC5M=,xfpEnKjotZlRGNgE94Cam8H2yIk=
-28,-6,wFFiSAHxY/Vyq9wPfXE6CN3GC5M=,xfpEnKjotZlRGNgE94Cam8H2yIk=
-32,-6,wFFiSAHxY/Vyq9wPfXE6CN3GC5M=,xfpEnKjotZlRGNgE94Cam8H2yIk=
-23,-15,wFFiSAHxY/Vyq9wPfXE6CN3GC5M=,xfpEnKjotZlRGNgE94Cam8H2yIk=
-17,-7,wFFiSAHxY/Vyq9wPfXE6CN3GC5M=,xfpEnKjotZlRGNgE94Cam8H2yIk=
-30,-6,wFFiSAHxY/Vyq9wPfXE6CN3GC5M=,xfpEnKjotZlRGNgE94Cam8H2yIk=
-18,-7,wFFiSAHxY/Vyq9wPfXE6CN3GC5M=,xfpEnKjotZlRGNgE94Cam8H2yIk=
-29,-6,wFFiSAHxY/Vyq9wPfXE6CN3GC5M=,xfpEnKjotZlRGNgE94Cam8H2yIk=
-21,-16,wFFiSAHxY/Vyq9wPfXE6CN3GC5M=,xfpEnKjotZlRGNgE94Cam8H2yIk=
-19,-7,wFFiSAHxY/Vyq9wPfXE6CN3GC5M=,xfpEnKjotZlRGNgE94Cam8H2yIk=
-20,-7,wFFiSAHxY/Vyq9wPfXE6CN3GC5M=,xfpEnKjotZlRGNgE94Cam8H2yIk=
-28,-12,wFFiSAHxY/Vyq9wPfXE6CN3GC5M=,xfpEnKjotZlRGNgE94Cam8H2yIk=
-23,-7,wFFiSAHxY/Vyq9wPfXE6CN3GC5M=,xfpEnKjotZlRGNgE94Cam8H2yIk=
-28,-13,wFFiSAHxY/Vyq9wPfXE6CN3GC5M=,xfpEnKjotZlRGNgE94Cam8H2yIk=
-24,-7,wFFiSAHxY/Vyq9wPfXE6CN3GC5M=,xfpEnKjotZlRGNgE94Cam8H2yIk=
-21,-7,wFFiSAHxY/Vyq9wPfXE6CN3GC5M=,xfpEnKjotZlRGNgE94Cam8H2yIk=
-22,-7,wFFiSAHxY/Vyq9wPfXE6CN3GC5M=,xfpEnKjotZlRGNgE94Cam8H2yIk=
-25,-7,wFFiSAHxY/Vyq9wPfXE6CN3GC5M=,xfpEnKjotZlRGNgE94Cam8H2yIk=
-31,-7,wFFiSAHxY/Vyq9wPfXE6CN3GC5M=,xfpEnKjotZlRGNgE94Cam8H2yIk=
-32,-7,wFFiSAHxY/Vyq9wPfXE6CN3GC5M=,xfpEnKjotZlRGNgE94Cam8H2yIk=
-24,-15,wFFiSAHxY/Vyq9wPfXE6CN3GC5M=,xfpEnKjotZlRGNgE94Cam8H2yIk=
-17,-8,wFFiSAHxY/Vyq9wPfXE6CN3GC5M=,xfpEnKjotZlRGNgE94Cam8H2yIk=
-27,-12,wFFiSAHxY/Vyq9wPfXE6CN3GC5M=,xfpEnKjotZlRGNgE94Cam8H2yIk=
-26,-7,wFFiSAHxY/Vyq9wPfXE6CN3GC5M=,xfpEnKjotZlRGNgE94Cam8H2yIk=
-30,-7,wFFiSAHxY/Vyq9wPfXE6CN3GC5M=,xfpEnKjotZlRGNgE94Cam8H2yIk=
-19,-8,wFFiSAHxY/Vyq9wPfXE6CN3GC5M=,xfpEnKjotZlRGNgE94Cam8H2yIk=
-28,-7,wFFiSAHxY/Vyq9wPfXE6CN3GC5M=,xfpEnKjotZlRGNgE94Cam8H2yIk=
-18,-8,wFFiSAHxY/Vyq9wPfXE6CN3GC5M=,xfpEnKjotZlRGNgE94Cam8H2yIk=
-29,-7,wFFiSAHxY/Vyq9wPfXE6CN3GC5M=,xfpEnKjotZlRGNgE94Cam8H2yIk=
-27,-7,wFFiSAHxY/Vyq9wPfXE6CN3GC5M=,xfpEnKjotZlRGNgE94Cam8H2yIk=
-20,-8,wFFiSAHxY/Vyq9wPfXE6CN3GC5M=,xfpEnKjotZlRGNgE94Cam8H2yIk=
-31,-8,wFFiSAHxY/Vyq9wPfXE6CN3GC5M=,xfpEnKjotZlRGNgE94Cam8H2yIk=
-28,-8,wFFiSAHxY/Vyq9wPfXE6CN3GC5M=,xfpEnKjotZlRGNgE94Cam8H2yIk=
-29,-8,wFFiSAHxY/Vyq9wPfXE6CN3GC5M=,xfpEnKjotZlRGNgE94Cam8H2yIk=
-32,-8,wFFiSAHxY/Vyq9wPfXE6CN3GC5M=,xfpEnKjotZlRGNgE94Cam8H2yIk=
-21,-8,wFFiSAHxY/Vyq9wPfXE6CN3GC5M=,xfpEnKjotZlRGNgE94Cam8H2yIk=
-26,-12,wFFiSAHxY/Vyq9wPfXE6CN3GC5M=,xfpEnKjotZlRGNgE94Cam8H2yIk=
-25,-15,wFFiSAHxY/Vyq9wPfXE6CN3GC5M=,xfpEnKjotZlRGNgE94Cam8H2yIk=
-17,-9,wFFiSAHxY/Vyq9wPfXE6CN3GC5M=,xfpEnKjotZlRGNgE94Cam8H2yIk=
-30,-8,wFFiSAHxY/Vyq9wPfXE6CN3GC5M=,xfpEnKjotZlRGNgE94Cam8H2yIk=
-18,-9,wFFiSAHxY/Vyq9wPfXE6CN3GC5M=,xfpEnKjotZlRGNgE94Cam8H2yIk=
-19,-9,wFFiSAHxY/Vyq9wPfXE6CN3GC5M=,xfpEnKjotZlRGNgE94Cam8H2yIk=
-22,-16,wFFiSAHxY/Vyq9wPfXE6CN3GC5M=,xfpEnKjotZlRGNgE94Cam8H2yIk=
-20,-9,wFFiSAHxY/Vyq9wPfXE6CN3GC5M=,xfpEnKjotZlRGNgE94Cam8H2yIk=
-22,-8,wFFiSAHxY/Vyq9wPfXE6CN3GC5M=,xfpEnKjotZlRGNgE94Cam8H2yIk=
-29,-13,wFFiSAHxY/Vyq9wPfXE6CN3GC5M=,xfpEnKjotZlRGNgE94Cam8H2yIk=
-23,-8,wFFiSAHxY/Vyq9wPfXE6CN3GC5M=,xfpEnKjotZlRGNgE94Cam8H2yIk=
-24,-8,wFFiSAHxY/Vyq9wPfXE6CN3GC5M=,xfpEnKjotZlRGNgE94Cam8H2yIk=
-25,-12,wFFiSAHxY/Vyq9wPfXE6CN3GC5M=,xfpEnKjotZlRGNgE94Cam8H2yIk=
-23,-16,wFFiSAHxY/Vyq9wPfXE6CN3GC5M=,xfpEnKjotZlRGNgE94Cam8H2yIk=
-27,-8,wFFiSAHxY/Vyq9wPfXE6CN3GC5M=,xfpEnKjotZlRGNgE94Cam8H2yIk=
-30,-13,wFFiSAHxY/Vyq9wPfXE6CN3GC5M=,xfpEnKjotZlRGNgE94Cam8H2yIk=
-26,-8,wFFiSAHxY/Vyq9wPfXE6CN3GC5M=,xfpEnKjotZlRGNgE94Cam8H2yIk=
-25,-8,wFFiSAHxY/Vyq9wPfXE6CN3GC5M=,xfpEnKjotZlRGNgE94Cam8H2yIk=
-21,-9,wFFiSAHxY/Vyq9wPfXE6CN3GC5M=,xfpEnKjotZlRGNgE94Cam8H2yIk=
-24,-12,wFFiSAHxY/Vyq9wPfXE6CN3GC5M=,xfpEnKjotZlRGNgE94Cam8H2yIk=
-22,-9,wFFiSAHxY/Vyq9wPfXE6CN3GC5M=,xfpEnKjotZlRGNgE94Cam8H2yIk=
-23,-9,wFFiSAHxY/Vyq9wPfXE6CN3GC5M=,xfpEnKjotZlRGNgE94Cam8H2yIk=
-31,-9,wFFiSAHxY/Vyq9wPfXE6CN3GC5M=,xfpEnKjotZlRGNgE94Cam8H2yIk=
-24,-9,wFFiSAHxY/Vyq9wPfXE6CN3GC5M=,xfpEnKjotZlRGNgE94Cam8H2yIk=
-25,-9,wFFiSAHxY/Vyq9wPfXE6CN3GC5M=,xfpEnKjotZlRGNgE94Cam8H2yIk=
-26,-9,wFFiSAHxY/Vyq9wPfXE6CN3GC5M=,xfpEnKjotZlRGNgE94Cam8H2yIk=
-28,-9,wFFiSAHxY/Vyq9wPfXE6CN3GC5M=,xfpEnKjotZlRGNgE94Cam8H2yIk=
-32,-9,wFFiSAHxY/Vyq9wPfXE6CN3GC5M=,xfpEnKjotZlRGNgE94Cam8H2yIk=
-29,-9,wFFiSAHxY/Vyq9wPfXE6CN3GC5M=,xfpEnKjotZlRGNgE94Cam8H2yIk=
-26,-15,wFFiSAHxY/Vyq9wPfXE6CN3GC5M=,xfpEnKjotZlRGNgE94Cam8H2yIk=
-17,-10,wFFiSAHxY/Vyq9wPfXE6CN3GC5M=,xfpEnKjotZlRGNgE94Cam8H2yIk=
-27,-9,wFFiSAHxY/Vyq9wPfXE6CN3GC5M=,xfpEnKjotZlRGNgE94Cam8H2yIk=
-30,-9,wFFiSAHxY/Vyq9wPfXE6CN3GC5M=,xfpEnKjotZlRGNgE94Cam8H2yIk=
-18,-10,wFFiSAHxY/Vyq9wPfXE6CN3GC5M=,xfpEnKjotZlRGNgE94Cam8H2yIk=
-19,-10,wFFiSAHxY/Vyq9wPfXE6CN3GC5M=,xfpEnKjotZlRGNgE94Cam8H2yIk=
-20,-10,wFFiSAHxY/Vyq9wPfXE6CN3GC5M=,xfpEnKjotZlRGNgE94Cam8H2yIk=
-23,-12,wFFiSAHxY/Vyq9wPfXE6CN3GC5M=,xfpEnKjotZlRGNgE94Cam8H2yIk=
-24,-16,wFFiSAHxY/Vyq9wPfXE6CN3GC5M=,xfpEnKjotZlRGNgE94Cam8H2yIk=
-31,-13,wFFiSAHxY/Vyq9wPfXE6CN3GC5M=,xfpEnKjotZlRGNgE94Cam8H2yIk=
-31,-10,wFFiSAHxY/Vyq9wPfXE6CN3GC5M=,xfpEnKjotZlRGNgE94Cam8H2yIk=
-32,-10,wFFiSAHxY/Vyq9wPfXE6CN3GC5M=,xfpEnKjotZlRGNgE94Cam8H2yIk=
-27,-15,wFFiSAHxY/Vyq9wPfXE6CN3GC5M=,xfpEnKjotZlRGNgE94Cam8H2yIk=
-21,-10,wFFiSAHxY/Vyq9wPfXE6CN3GC5M=,xfpEnKjotZlRGNgE94Cam8H2yIk=
-22,-10,wFFiSAHxY/Vyq9wPfXE6CN3GC5M=,xfpEnKjotZlRGNgE94Cam8H2yIk=
-17,-11,wFFiSAHxY/Vyq9wPfXE6CN3GC5M=,xfpEnKjotZlRGNgE94Cam8H2yIk=
-22,-12,wFFiSAHxY/Vyq9wPfXE6CN3GC5M=,xfpEnKjotZlRGNgE94Cam8H2yIk=
-18,-11,wFFiSAHxY/Vyq9wPfXE6CN3GC5M=,xfpEnKjotZlRGNgE94Cam8H2yIk=
-24,-10,wFFiSAHxY/Vyq9wPfXE6CN3GC5M=,xfpEnKjotZlRGNgE94Cam8H2yIk=
-23,-10,wFFiSAHxY/Vyq9wPfXE6CN3GC5M=,xfpEnKjotZlRGNgE94Cam8H2yIk=
-27,-10,wFFiSAHxY/Vyq9wPfXE6CN3GC5M=,xfpEnKjotZlRGNgE94Cam8H2yIk=
-26,-10,wFFiSAHxY/Vyq9wPfXE6CN3GC5M=,xfpEnKjotZlRGNgE94Cam8H2yIk=
-25,-10,wFFiSAHxY/Vyq9wPfXE6CN3GC5M=,xfpEnKjotZlRGNgE94Cam8H2yIk=
-28,-10,wFFiSAHxY/Vyq9wPfXE6CN3GC5M=,xfpEnKjotZlRGNgE94Cam8H2yIk=
-19,-11,wFFiSAHxY/Vyq9wPfXE6CN3GC5M=,xfpEnKjotZlRGNgE94Cam8H2yIk=
-30,-10,wFFiSAHxY/Vyq9wPfXE6CN3GC5M=,xfpEnKjotZlRGNgE94Cam8H2yIk=
-20,-11,wFFiSAHxY/Vyq9wPfXE6CN3GC5M=,xfpEnKjotZlRGNgE94Cam8H2yIk=
-29,-10,wFFiSAHxY/Vyq9wPfXE6CN3GC5M=,xfpEnKjotZlRGNgE94Cam8H2yIk=
-21,-11,wFFiSAHxY/Vyq9wPfXE6CN3GC5M=,xfpEnKjotZlRGNgE94Cam8H2yIk=
-32,-13,wFFiSAHxY/Vyq9wPfXE6CN3GC5M=,xfpEnKjotZlRGNgE94Cam8H2yIk=
-28,-15,wFFiSAHxY/Vyq9wPfXE6CN3GC5M=,xfpEnKjotZlRGNgE94Cam8H2yIk=
-25,-16,wFFiSAHxY/Vyq9wPfXE6CN3GC5M=,xfpEnKjotZlRGNgE94Cam8H2yIk=
-21,-12,wFFiSAHxY/Vyq9wPfXE6CN3GC5M=,xfpEnKjotZlRGNgE94Cam8H2yIk=
-23,-11,wFFiSAHxY/Vyq9wPfXE6CN3GC5M=,xfpEnKjotZlRGNgE94Cam8H2yIk=
-22,-11,wFFiSAHxY/Vyq9wPfXE6CN3GC5M=,xfpEnKjotZlRGNgE94Cam8H2yIk=
-31,-11,wFFiSAHxY/Vyq9wPfXE6CN3GC5M=,xfpEnKjotZlRGNgE94Cam8H2yIk=
-32,-11,wFFiSAHxY/Vyq9wPfXE6CN3GC5M=,xfpEnKjotZlRGNgE94Cam8H2yIk=
-24,-11,wFFiSAHxY/Vyq9wPfXE6CN3GC5M=,xfpEnKjotZlRGNgE94Cam8H2yIk=
-26,-11,wFFiSAHxY/Vyq9wPfXE6CN3GC5M=,xfpEnKjotZlRGNgE94Cam8H2yIk=
-17,-12,wFFiSAHxY/Vyq9wPfXE6CN3GC5M=,xfpEnKjotZlRGNgE94Cam8H2yIk=
-27,-11,wFFiSAHxY/Vyq9wPfXE6CN3GC5M=,xfpEnKjotZlRGNgE94Cam8H2yIk=
-25,-11,wFFiSAHxY/Vyq9wPfXE6CN3GC5M=,xfpEnKjotZlRGNgE94Cam8H2yIk=
-18,-12,wFFiSAHxY/Vyq9wPfXE6CN3GC5M=,xfpEnKjotZlRGNgE94Cam8H2yIk=
-29,-11,wFFiSAHxY/Vyq9wPfXE6CN3GC5M=,xfpEnKjotZlRGNgE94Cam8H2yIk=
-28,-11,wFFiSAHxY/Vyq9wPfXE6CN3GC5M=,xfpEnKjotZlRGNgE94Cam8H2yIk=
-32,-16,wFFiSAHxY/Vyq9wPfXE6CN3GC5M=,xfpEnKjotZlRGNgE94Cam8H2yIk=
-30,-11,wFFiSAHxY/Vyq9wPfXE6CN3GC5M=,xfpEnKjotZlRGNgE94Cam8H2yIk=
-26,-16,wFFiSAHxY/Vyq9wPfXE6CN3GC5M=,xfpEnKjotZlRGNgE94Cam8H2yIk=
-19,-12,wFFiSAHxY/Vyq9wPfXE6CN3GC5M=,xfpEnKjotZlRGNgE94Cam8H2yIk=
-29,-15,wFFiSAHxY/Vyq9wPfXE6CN3GC5M=,xfpEnKjotZlRGNgE94Cam8H2yIk=
-17,-14,wFFiSAHxY/Vyq9wPfXE6CN3GC5M=,xfpEnKjotZlRGNgE94Cam8H2yIk=
-20,-12,wFFiSAHxY/Vyq9wPfXE6CN3GC5M=,xfpEnKjotZlRGNgE94Cam8H2yIk=
