3,96,bZwMqAwtCaRUoklN4OW9e4vV8yQ=,F85gr+EIak5wCh97e1OD+6/KODQ=
3,97,bZwMqAwtCaRUoklN4OW9e4vV8yQ=,F85gr+EIak5wCh97e1OD+6/KODQ=
2,97,bZwMqAwtCaRUoklN4OW9e4vV8yQ=,F85gr+EIak5wCh97e1OD+6/KODQ=
9,111,bZwMqAwtCaRUoklN4OW9e4vV8yQ=,F85gr+EIak5wCh97e1OD+6/KODQ=
1,97,bZwMqAwtCaRUoklN4OW9e4vV8yQ=,F85gr+EIak5wCh97e1OD+6/KODQ=
15,111,bZwMqAwtCaRUoklN4OW9e4vV8yQ=,F85gr+EIak5wCh97e1OD+6/KODQ=
14,111,bZwMqAwtCaRUoklN4OW9e4vV8yQ=,F85gr+EIak5wCh97e1OD+6/KODQ=
2,96,bZwMqAwtCaRUoklN4OW9e4vV8yQ=,F85gr+EIak5wCh97e1OD+6/KODQ=
12,111,bZwMqAwtCaRUoklN4OW9e4vV8yQ=,F85gr+EIak5wCh97e1OD+6/KODQ=
11,111,bZwMqAwtCaRUoklN4OW9e4vV8yQ=,F85gr+EIak5wCh97e1OD+6/KODQ=
6,111,bZwMqAwtCaRUoklN4OW9e4vV8yQ=,F85gr+EIak5wCh97e1OD+6/KODQ=
1,111,bZwMqAwtCaRUoklN4OW9e4vV8yQ=,F85gr+EIak5wCh97e1OD+6/KODQ=
14,110,bZwMqAwtCaRUoklN4OW9e4vV8yQ=,F85gr+EIak5wCh97e1OD+6/KODQ=
15,110,bZwMqAwtCaRUoklN4OW9e4vV8yQ=,F85gr+EIak5wCh97e1OD+6/KODQ=
13,111,bZwMqAwtCaRUoklN4OW9e4vV8yQ=,F85gr+EIak5wCh97e1OD+6/KODQ=
10,111,bZwMqAwtCaRUoklN4OW9e4vV8yQ=,F85gr+EIak5wCh97e1OD+6/KODQ=
13,110,bZwMqAwtCaRUoklN4OW9e4vV8yQ=,F85gr+EIak5wCh97e1OD+6/KODQ=
11,110,bZwMqAwtCaRUoklN4OW9e4vV8yQ=,F85gr+EIak5wCh97e1OD+6/KODQ=
12,110,bZwMqAwtCaRUoklN4OW9e4vV8yQ=,F85gr+EIak5wCh97e1OD+6/KODQ=
3,111,bZwMqAwtCaRUoklN4OW9e4vV8yQ=,F85gr+EIak5wCh97e1OD+6/KODQ=
4,111,bZwMqAwtCaRUoklN4OW9e4vV8yQ=,F85gr+EIak5wCh97e1OD+6/KODQ=
2,111,bZwMqAwtCaRUoklN4OW9e4vV8yQ=,F85gr+EIak5wCh97e1OD+6/KODQ=
8,111,bZwMqAwtCaRUoklN4OW9e4vV8yQ=,F85gr+EIak5wCh97e1OD+6/KODQ=
10,110,bZwMqAwtCaRUoklN4OW9e4vV8yQ=,F85gr+EIak5wCh97e1OD+6/KODQ=
12,97,b6TO10kz65NR4NIDPiFOzSMGKvg=,F85gr+EIak5wCh97e1OD+6/KODQ=
5,111,bZwMqAwtCaRUoklN4OW9e4vV8yQ=,F85gr+EIak5wCh97e1OD+6/KODQ=
7,111,bZwMqAwtCaRUoklN4OW9e4vV8yQ=,F85gr+EIak5wCh97e1OD+6/KODQ=
0,111,bZwMqAwtCaRUoklN4OW9e4vV8yQ=,F85gr+EIak5wCh97e1OD+6/KODQ=
10,109,bZwMqAwtCaRUoklN4OW9e4vV8yQ=,F85gr+EIak5wCh97e1OD+6/KODQ=
9,109,bZwMqAwtCaRUoklN4OW9e4vV8yQ=,F85gr+EIak5wCh97e1OD+6/KODQ=
11,109,bZwMqAwtCaRUoklN4OW9e4vV8yQ=,F85gr+EIak5wCh97e1OD+6/KODQ=
8,110,bZwMqAwtCaRUoklN4OW9e4vV8yQ=,F85gr+EIak5wCh97e1OD+6/KODQ=
8,109,bZwMqAwtCaRUoklN4OW9e4vV8yQ=,F85gr+EIak5wCh97e1OD+6/KODQ=
6,110,bZwMqAwtCaRUoklN4OW9e4vV8yQ=,F85gr+EIak5wCh97e1OD+6/KODQ=
5,110,bZwMqAwtCaRUoklN4OW9e4vV8yQ=,F85gr+EIak5wCh97e1OD+6/KODQ=
7,110,bZwMqAwtCaRUoklN4OW9e4vV8yQ=,F85gr+EIak5wCh97e1OD+6/KODQ=
9,110,bZwMqAwtCaRUoklN4OW9e4vV8yQ=,F85gr+EIak5wCh97e1OD+6/KODQ=
4,110,bZwMqAwtCaRUoklN4OW9e4vV8yQ=,F85gr+EIak5wCh97e1OD+6/KODQ=
3,110,bZwMqAwtCaRUoklN4OW9e4vV8yQ=,F85gr+EIak5wCh97e1OD+6/KODQ=
2,110,bZwMqAwtCaRUoklN4OW9e4vV8yQ=,F85gr+EIak5wCh97e1OD+6/KODQ=
12,98,b6TO10kz65NR4NIDPiFOzSMGKvg=,F85gr+EIak5wCh97e1OD+6/KODQ=
1,110,bZwMqAwtCaRUoklN4OW9e4vV8yQ=,F85gr+EIak5wCh97e1OD+6/KODQ=
10,97,b6TO10kz65NR4NIDPiFOzSMGKvg=,F85gr+EIak5wCh97e1OD+6/KODQ=
0,110,bZwMqAwtCaRUoklN4OW9e4vV8yQ=,F85gr+EIak5wCh97e1OD+6/KODQ=
7,109,bZwMqAwtCaRUoklN4OW9e4vV8yQ=,F85gr+EIak5wCh97e1OD+6/KODQ=
13,97,b6TO10kz65NR4NIDPiFOzSMGKvg=,F85gr+EIak5wCh97e1OD+6/KODQ=
9,97,b6TO10kz65NR4NIDPiFOzSMGKvg=,F85gr+EIak5wCh97e1OD+6/KODQ=
0,97,bZwMqAwtCaRUoklN4OW9e4vV8yQ=,F85gr+EIak5wCh97e1OD+6/KODQ=
15,109,bZwMqAwtCaRUoklN4OW9e4vV8yQ=,F85gr+EIak5wCh97e1OD+6/KODQ=
14,109,bZwMqAwtCaRUoklN4OW9e4vV8yQ=,F85gr+EIak5wCh97e1OD+6/KODQ=
6,109,bZwMqAwtCaRUoklN4OW9e4vV8yQ=,F85gr+EIak5wCh97e1OD+6/KODQ=
4,97,b6TO10kz65NR4NIDPiFOzSMGKvg=,F85gr+EIak5wCh97e1OD+6/KODQ=
5,109,bZwMqAwtCaRUoklN4OW9e4vV8yQ=,F85gr+EIak5wCh97e1OD+6/KODQ=
4,109,bZwMqAwtCaRUoklN4OW9e4vV8yQ=,F85gr+EIak5wCh97e1OD+6/KODQ=
2,109,bZwMqAwtCaRUoklN4OW9e4vV8yQ=,F85gr+EIak5wCh97e1OD+6/KODQ=
1,109,bZwMqAwtCaRUoklN4OW9e4vV8yQ=,F85gr+EIak5wCh97e1OD+6/KODQ=
5,97,b6TO10kz65NR4NIDPiFOzSMGKvg=,F85gr+EIak5wCh97e1OD+6/KODQ=
3,109,bZwMqAwtCaRUoklN4OW9e4vV8yQ=,F85gr+EIak5wCh97e1OD+6/KODQ=
12,109,bZwMqAwtCaRUoklN4OW9e4vV8yQ=,F85gr+EIak5wCh97e1OD+6/KODQ=
15,97,b6TO10kz65NR4NIDPiFOzSMGKvg=,F85gr+EIak5wCh97e1OD+6/KODQ=
13,109,bZwMqAwtCaRUoklN4OW9e4vV8yQ=,F85gr+EIak5wCh97e1OD+6/KODQ=
0,109,bZwMqAwtCaRUoklN4OW9e4vV8yQ=,F85gr+EIak5wCh97e1OD+6/KODQ=
1,96,bZwMqAwtCaRUoklN4OW9e4vV8yQ=,F85gr+EIak5wCh97e1OD+6/KODQ=
14,108,bZwMqAwtCaRUoklN4OW9e4vV8yQ=,F85gr+EIak5wCh97e1OD+6/KODQ=
14,98,b6TO10kz65NR4NIDPiFOzSMGKvg=,F85gr+EIak5wCh97e1OD+6/KODQ=
15,108,bZwMqAwtCaRUoklN4OW9e4vV8yQ=,F85gr+EIak5wCh97e1OD+6/KODQ=
12,108,bZwMqAwtCaRUoklN4OW9e4vV8yQ=,F85gr+EIak5wCh97e1OD+6/KODQ=
13,108,bZwMqAwtCaRUoklN4OW9e4vV8yQ=,F85gr+EIak5wCh97e1OD+6/KODQ=
11,108,bZwMqAwtCaRUoklN4OW9e4vV8yQ=,F85gr+EIak5wCh97e1OD+6/KODQ=
10,108,bZwMqAwtCaRUoklN4OW9e4vV8yQ=,F85gr+EIak5wCh97e1OD+6/KODQ=
8,97,b6TO10kz65NR4NIDPiFOzSMGKvg=,F85gr+EIak5wCh97e1OD+6/KODQ=
9,108,bZwMqAwtCaRUoklN4OW9e4vV8yQ=,F85gr+EIak5wCh97e1OD+6/KODQ=
13,98,b6TO10kz65NR4NIDPiFOzSMGKvg=,F85gr+EIak5wCh97e1OD+6/KODQ=
6,97,b6TO10kz65NR4NIDPiFOzSMGKvg=,F85gr+EIak5wCh97e1OD+6/KODQ=
11,97,b6TO10kz65NR4NIDPiFOzSMGKvg=,F85gr+EIak5wCh97e1OD+6/KODQ=
8,108,bZwMqAwtCaRUoklN4OW9e4vV8yQ=,F85gr+EIak5wCh97e1OD+6/KODQ=
7,108,bZwMqAwtCaRUoklN4OW9e4vV8yQ=,F85gr+EIak5wCh97e1OD+6/KODQ=
6,108,bZwMqAwtCaRUoklN4OW9e4vV8yQ=,F85gr+EIak5wCh97e1OD+6/KODQ=
4,108,bZwMqAwtCaRUoklN4OW9e4vV8yQ=,F85gr+EIak5wCh97e1OD+6/KODQ=
5,108,bZwMqAwtCaRUoklN4OW9e4vV8yQ=,F85gr+EIak5wCh97e1OD+6/KODQ=
7,97,b6TO10kz65NR4NIDPiFOzSMGKvg=,F85gr+EIak5wCh97e1OD+6/KODQ=
14,107,b6TO10kz65NR4NIDPiFOzSMGKvg=,F85gr+EIak5wCh97e1OD+6/KODQ=
3,108,bZwMqAwtCaRUoklN4OW9e4vV8yQ=,F85gr+EIak5wCh97e1OD+6/KODQ=
15,107,b6TO10kz65NR4NIDPiFOzSMGKvg=,F85gr+EIak5wCh97e1OD+6/KODQ=
13,107,b6TO10kz65NR4NIDPiFOzSMGKvg=,F85gr+EIak5wCh97e1OD+6/KODQ=
2,108,bZwMqAwtCaRUoklN4OW9e4vV8yQ=,F85gr+EIak5wCh97e1OD+6/KODQ=
0,108,b6TO10kz65NR4NIDPiFOzSMGKvg=,F85gr+EIak5wCh97e1OD+6/KODQ=
1,108,bZwMqAwtCaRUoklN4OW9e4vV8yQ=,F85gr+EIak5wCh97e1OD+6/KODQ=
11,107,b6TO10kz65NR4NIDPiFOzSMGKvg=,F85gr+EIak5wCh97e1OD+6/KODQ=
12,107,b6TO10kz65NR4NIDPiFOzSMGKvg=,F85gr+EIak5wCh97e1OD+6/KODQ=
14,97,b6TO10kz65NR4NIDPiFOzSMGKvg=,F85gr+EIak5wCh97e1OD+6/KODQ=
9,107,b6TO10kz65NR4NIDPiFOzSMGKvg=,F85gr+EIak5wCh97e1OD+6/KODQ=
10,107,b6TO10kz65NR4NIDPiFOzSMGKvg=,F85gr+EIak5wCh97e1OD+6/KODQ=
8,107,b6TO10kz65NR4NIDPiFOzSMGKvg=,F85gr+EIak5wCh97e1OD+6/KODQ=
6,107,b6TO10kz65NR4NIDPiFOzSMGKvg=,F85gr+EIak5wCh97e1OD+6/KODQ=
7,107,b6TO10kz65NR4NIDPiFOzSMGKvg=,F85gr+EIak5wCh97e1OD+6/KODQ=
5,107,b6TO10kz65NR4NIDPiFOzSMGKvg=,F85gr+EIak5wCh97e1OD+6/KODQ=
4,107,b6TO10kz65NR4NIDPiFOzSMGKvg=,F85gr+EIak5wCh97e1OD+6/KODQ=
3,107,b6TO10kz65NR4NIDPiFOzSMGKvg=,F85gr+EIak5wCh97e1OD+6/KODQ=
2,107,b6TO10kz65NR4NIDPiFOzSMGKvg=,F85gr+EIak5wCh97e1OD+6/KODQ=
13,96,b6TO10kz65NR4NIDPiFOzSMGKvg=,F85gr+EIak5wCh97e1OD+6/KODQ=
1,107,b6TO10kz65NR4NIDPiFOzSMGKvg=,F85gr+EIak5wCh97e1OD+6/KODQ=
15,106,b6TO10kz65NR4NIDPiFOzSMGKvg=,F85gr+EIak5wCh97e1OD+6/KODQ=
14,106,b6TO10kz65NR4NIDPiFOzSMGKvg=,F85gr+EIak5wCh97e1OD+6/KODQ=
0,107,b6TO10kz65NR4NIDPiFOzSMGKvg=,F85gr+EIak5wCh97e1OD+6/KODQ=
13,106,b6TO10kz65NR4NIDPiFOzSMGKvg=,F85gr+EIak5wCh97e1OD+6/KODQ=
12,106,b6TO10kz65NR4NIDPiFOzSMGKvg=,F85gr+EIak5wCh97e1OD+6/KODQ=
11,106,b6TO10kz65NR4NIDPiFOzSMGKvg=,F85gr+EIak5wCh97e1OD+6/KODQ=
10,106,b6TO10kz65NR4NIDPiFOzSMGKvg=,F85gr+EIak5wCh97e1OD+6/KODQ=
9,106,b6TO10kz65NR4NIDPiFOzSMGKvg=,F85gr+EIak5wCh97e1OD+6/KODQ=
8,106,b6TO10kz65NR4NIDPiFOzSMGKvg=,F85gr+EIak5wCh97e1OD+6/KODQ=
7,106,b6TO10kz65NR4NIDPiFOzSMGKvg=,F85gr+EIak5wCh97e1OD+6/KODQ=
6,106,b6TO10kz65NR4NIDPiFOzSMGKvg=,F85gr+EIak5wCh97e1OD+6/KODQ=
5,106,b6TO10kz65NR4NIDPiFOzSMGKvg=,F85gr+EIak5wCh97e1OD+6/KODQ=
4,106,b6TO10kz65NR4NIDPiFOzSMGKvg=,F85gr+EIak5wCh97e1OD+6/KODQ=
3,106,b6TO10kz65NR4NIDPiFOzSMGKvg=,F85gr+EIak5wCh97e1OD+6/KODQ=
2,106,b6TO10kz65NR4NIDPiFOzSMGKvg=,F85gr+EIak5wCh97e1OD+6/KODQ=
1,106,b6TO10kz65NR4NIDPiFOzSMGKvg=,F85gr+EIak5wCh97e1OD+6/KODQ=
0,106,b6TO10kz65NR4NIDPiFOzSMGKvg=,F85gr+EIak5wCh97e1OD+6/KODQ=
15,96,b6TO10kz65NR4NIDPiFOzSMGKvg=,F85gr+EIak5wCh97e1OD+6/KODQ=
13,105,b6TO10kz65NR4NIDPiFOzSMGKvg=,F85gr+EIak5wCh97e1OD+6/KODQ=
14,105,b6TO10kz65NR4NIDPiFOzSMGKvg=,F85gr+EIak5wCh97e1OD+6/KODQ=
12,105,b6TO10kz65NR4NIDPiFOzSMGKvg=,F85gr+EIak5wCh97e1OD+6/KODQ=
11,105,b6TO10kz65NR4NIDPiFOzSMGKvg=,F85gr+EIak5wCh97e1OD+6/KODQ=
15,105,b6TO10kz65NR4NIDPiFOzSMGKvg=,F85gr+EIak5wCh97e1OD+6/KODQ=
9,105,b6TO10kz65NR4NIDPiFOzSMGKvg=,F85gr+EIak5wCh97e1OD+6/KODQ=
10,105,b6TO10kz65NR4NIDPiFOzSMGKvg=,F85gr+EIak5wCh97e1OD+6/KODQ=
8,105,b6TO10kz65NR4NIDPiFOzSMGKvg=,F85gr+EIak5wCh97e1OD+6/KODQ=
7,105,b6TO10kz65NR4NIDPiFOzSMGKvg=,F85gr+EIak5wCh97e1OD+6/KODQ=
4,105,b6TO10kz65NR4NIDPiFOzSMGKvg=,F85gr+EIak5wCh97e1OD+6/KODQ=
5,105,b6TO10kz65NR4NIDPiFOzSMGKvg=,F85gr+EIak5wCh97e1OD+6/KODQ=
2,105,b6TO10kz65NR4NIDPiFOzSMGKvg=,F85gr+EIak5wCh97e1OD+6/KODQ=
6,105,b6TO10kz65NR4NIDPiFOzSMGKvg=,F85gr+EIak5wCh97e1OD+6/KODQ=
3,105,b6TO10kz65NR4NIDPiFOzSMGKvg=,F85gr+EIak5wCh97e1OD+6/KODQ=
15,104,b6TO10kz65NR4NIDPiFOzSMGKvg=,F85gr+EIak5wCh97e1OD+6/KODQ=
14,104,b6TO10kz65NR4NIDPiFOzSMGKvg=,F85gr+EIak5wCh97e1OD+6/KODQ=
0,105,b6TO10kz65NR4NIDPiFOzSMGKvg=,F85gr+EIak5wCh97e1OD+6/KODQ=
13,104,b6TO10kz65NR4NIDPiFOzSMGKvg=,F85gr+EIak5wCh97e1OD+6/KODQ=
1,105,b6TO10kz65NR4NIDPiFOzSMGKvg=,F85gr+EIak5wCh97e1OD+6/KODQ=
12,104,b6TO10kz65NR4NIDPiFOzSMGKvg=,F85gr+EIak5wCh97e1OD+6/KODQ=
11,104,b6TO10kz65NR4NIDPiFOzSMGKvg=,F85gr+EIak5wCh97e1OD+6/KODQ=
10,104,b6TO10kz65NR4NIDPiFOzSMGKvg=,F85gr+EIak5wCh97e1OD+6/KODQ=
9,104,b6TO10kz65NR4NIDPiFOzSMGKvg=,F85gr+EIak5wCh97e1OD+6/KODQ=
8,104,b6TO10kz65NR4NIDPiFOzSMGKvg=,F85gr+EIak5wCh97e1OD+6/KODQ=
7,104,b6TO10kz65NR4NIDPiFOzSMGKvg=,F85gr+EIak5wCh97e1OD+6/KODQ=
6,104,b6TO10kz65NR4NIDPiFOzSMGKvg=,F85gr+EIak5wCh97e1OD+6/KODQ=
5,104,b6TO10kz65NR4NIDPiFOzSMGKvg=,F85gr+EIak5wCh97e1OD+6/KODQ=
4,104,b6TO10kz65NR4NIDPiFOzSMGKvg=,F85gr+EIak5wCh97e1OD+6/KODQ=
3,104,b6TO10kz65NR4NIDPiFOzSMGKvg=,F85gr+EIak5wCh97e1OD+6/KODQ=
2,104,b6TO10kz65NR4NIDPiFOzSMGKvg=,F85gr+EIak5wCh97e1OD+6/KODQ=
1,104,b6TO10kz65NR4NIDPiFOzSMGKvg=,F85gr+EIak5wCh97e1OD+6/KODQ=
0,104,b6TO10kz65NR4NIDPiFOzSMGKvg=,F85gr+EIak5wCh97e1OD+6/KODQ=
11,98,b6TO10kz65NR4NIDPiFOzSMGKvg=,F85gr+EIak5wCh97e1OD+6/KODQ=
14,96,b6TO10kz65NR4NIDPiFOzSMGKvg=,F85gr+EIak5wCh97e1OD+6/KODQ=
15,98,b6TO10kz65NR4NIDPiFOzSMGKvg=,F85gr+EIak5wCh97e1OD+6/KODQ=
0,99,bZwMqAwtCaRUoklN4OW9e4vV8yQ=,F85gr+EIak5wCh97e1OD+6/KODQ=
1,99,bZwMqAwtCaRUoklN4OW9e4vV8yQ=,F85gr+EIak5wCh97e1OD+6/KODQ=
2,99,bZwMqAwtCaRUoklN4OW9e4vV8yQ=,F85gr+EIak5wCh97e1OD+6/KODQ=
10,98,b6TO10kz65NR4NIDPiFOzSMGKvg=,F85gr+EIak5wCh97e1OD+6/KODQ=
9,98,b6TO10kz65NR4NIDPiFOzSMGKvg=,F85gr+EIak5wCh97e1OD+6/KODQ=
3,99,bZwMqAwtCaRUoklN4OW9e4vV8yQ=,F85gr+EIak5wCh97e1OD+6/KODQ=
8,98,b6TO10kz65NR4NIDPiFOzSMGKvg=,F85gr+EIak5wCh97e1OD+6/KODQ=
11,96,b6TO10kz65NR4NIDPiFOzSMGKvg=,F85gr+EIak5wCh97e1OD+6/KODQ=
10,96,b6TO10kz65NR4NIDPiFOzSMGKvg=,F85gr+EIak5wCh97e1OD+6/KODQ=
13,103,b6TO10kz65NR4NIDPiFOzSMGKvg=,F85gr+EIak5wCh97e1OD+6/KODQ=
15,103,b6TO10kz65NR4NIDPiFOzSMGKvg=,F85gr+EIak5wCh97e1OD+6/KODQ=
11,103,b6TO10kz65NR4NIDPiFOzSMGKvg=,F85gr+EIak5wCh97e1OD+6/KODQ=
4,103,b6TO10kz65NR4NIDPiFOzSMGKvg=,F85gr+EIak5wCh97e1OD+6/KODQ=
3,103,b6TO10kz65NR4NIDPiFOzSMGKvg=,F85gr+EIak5wCh97e1OD+6/KODQ=
6,103,b6TO10kz65NR4NIDPiFOzSMGKvg=,F85gr+EIak5wCh97e1OD+6/KODQ=
2,103,b6TO10kz65NR4NIDPiFOzSMGKvg=,F85gr+EIak5wCh97e1OD+6/KODQ=
12,96,b6TO10kz65NR4NIDPiFOzSMGKvg=,F85gr+EIak5wCh97e1OD+6/KODQ=
1,103,b6TO10kz65NR4NIDPiFOzSMGKvg=,F85gr+EIak5wCh97e1OD+6/KODQ=
0,103,b6TO10kz65NR4NIDPiFOzSMGKvg=,F85gr+EIak5wCh97e1OD+6/KODQ=
5,103,b6TO10kz65NR4NIDPiFOzSMGKvg=,F85gr+EIak5wCh97e1OD+6/KODQ=
14,103,b6TO10kz65NR4NIDPiFOzSMGKvg=,F85gr+EIak5wCh97e1OD+6/KODQ=
7,98,b6TO10kz65NR4NIDPiFOzSMGKvg=,F85gr+EIak5wCh97e1OD+6/KODQ=
6,98,b6TO10kz65NR4NIDPiFOzSMGKvg=,F85gr+EIak5wCh97e1OD+6/KODQ=
10,103,b6TO10kz65NR4NIDPiFOzSMGKvg=,F85gr+EIak5wCh97e1OD+6/KODQ=
12,103,b6TO10kz65NR4NIDPiFOzSMGKvg=,F85gr+EIak5wCh97e1OD+6/KODQ=
9,103,b6TO10kz65NR4NIDPiFOzSMGKvg=,F85gr+EIak5wCh97e1OD+6/KODQ=
8,103,b6TO10kz65NR4NIDPiFOzSMGKvg=,F85gr+EIak5wCh97e1OD+6/KODQ=
7,103,b6TO10kz65NR4NIDPiFOzSMGKvg=,F85gr+EIak5wCh97e1OD+6/KODQ=
4,99,b6TO10kz65NR4NIDPiFOzSMGKvg=,F85gr+EIak5wCh97e1OD+6/KODQ=
9,96,b6TO10kz65NR4NIDPiFOzSMGKvg=,F85gr+EIak5wCh97e1OD+6/KODQ=
0,98,bZwMqAwtCaRUoklN4OW9e4vV8yQ=,F85gr+EIak5wCh97e1OD+6/KODQ=
5,98,b6TO10kz65NR4NIDPiFOzSMGKvg=,F85gr+EIak5wCh97e1OD+6/KODQ=
3,102,b6TO10kz65NR4NIDPiFOzSMGKvg=,F85gr+EIak5wCh97e1OD+6/KODQ=
2,102,b6TO10kz65NR4NIDPiFOzSMGKvg=,F85gr+EIak5wCh97e1OD+6/KODQ=
1,102,b6TO10kz65NR4NIDPiFOzSMGKvg=,F85gr+EIak5wCh97e1OD+6/KODQ=
13,102,b6TO10kz65NR4NIDPiFOzSMGKvg=,F85gr+EIak5wCh97e1OD+6/KODQ=
0,102,b6TO10kz65NR4NIDPiFOzSMGKvg=,F85gr+EIak5wCh97e1OD+6/KODQ=
15,102,b6TO10kz65NR4NIDPiFOzSMGKvg=,F85gr+EIak5wCh97e1OD+6/KODQ=
11,102,b6TO10kz65NR4NIDPiFOzSMGKvg=,F85gr+EIak5wCh97e1OD+6/KODQ=
14,102,b6TO10kz65NR4NIDPiFOzSMGKvg=,F85gr+EIak5wCh97e1OD+6/KODQ=
9,102,b6TO10kz65NR4NIDPiFOzSMGKvg=,F85gr+EIak5wCh97e1OD+6/KODQ=
10,102,b6TO10kz65NR4NIDPiFOzSMGKvg=,F85gr+EIak5wCh97e1OD+6/KODQ=
6,102,b6TO10kz65NR4NIDPiFOzSMGKvg=,F85gr+EIak5wCh97e1OD+6/KODQ=
12,102,b6TO10kz65NR4NIDPiFOzSMGKvg=,F85gr+EIak5wCh97e1OD+6/KODQ=
8,102,b6TO10kz65NR4NIDPiFOzSMGKvg=,F85gr+EIak5wCh97e1OD+6/KODQ=
7,102,b6TO10kz65NR4NIDPiFOzSMGKvg=,F85gr+EIak5wCh97e1OD+6/KODQ=
3,98,bZwMqAwtCaRUoklN4OW9e4vV8yQ=,F85gr+EIak5wCh97e1OD+6/KODQ=
3,101,b6TO10kz65NR4NIDPiFOzSMGKvg=,F85gr+EIak5wCh97e1OD+6/KODQ=
8,96,b6TO10kz65NR4NIDPiFOzSMGKvg=,F85gr+EIak5wCh97e1OD+6/KODQ=
5,102,b6TO10kz65NR4NIDPiFOzSMGKvg=,F85gr+EIak5wCh97e1OD+6/KODQ=
1,101,b6TO10kz65NR4NIDPiFOzSMGKvg=,F85gr+EIak5wCh97e1OD+6/KODQ=
2,101,b6TO10kz65NR4NIDPiFOzSMGKvg=,F85gr+EIak5wCh97e1OD+6/KODQ=
0,101,b6TO10kz65NR4NIDPiFOzSMGKvg=,F85gr+EIak5wCh97e1OD+6/KODQ=
4,98,b6TO10kz65NR4NIDPiFOzSMGKvg=,F85gr+EIak5wCh97e1OD+6/KODQ=
4,102,b6TO10kz65NR4NIDPiFOzSMGKvg=,F85gr+EIak5wCh97e1OD+6/KODQ=
15,101,b6TO10kz65NR4NIDPiFOzSMGKvg=,F85gr+EIak5wCh97e1OD+6/KODQ=
14,101,b6TO10kz65NR4NIDPiFOzSMGKvg=,F85gr+EIak5wCh97e1OD+6/KODQ=
12,101,b6TO10kz65NR4NIDPiFOzSMGKvg=,F85gr+EIak5wCh97e1OD+6/KODQ=
4,96,b6TO10kz65NR4NIDPiFOzSMGKvg=,F85gr+EIak5wCh97e1OD+6/KODQ=
11,101,b6TO10kz65NR4NIDPiFOzSMGKvg=,F85gr+EIak5wCh97e1OD+6/KODQ=
10,101,b6TO10kz65NR4NIDPiFOzSMGKvg=,F85gr+EIak5wCh97e1OD+6/KODQ=
8,101,b6TO10kz65NR4NIDPiFOzSMGKvg=,F85gr+EIak5wCh97e1OD+6/KODQ=
15,100,b6TO10kz65NR4NIDPiFOzSMGKvg=,F85gr+EIak5wCh97e1OD+6/KODQ=
3,100,b6TO10kz65NR4NIDPiFOzSMGKvg=,F85gr+EIak5wCh97e1OD+6/KODQ=
7,101,b6TO10kz65NR4NIDPiFOzSMGKvg=,F85gr+EIak5wCh97e1OD+6/KODQ=
5,101,b6TO10kz65NR4NIDPiFOzSMGKvg=,F85gr+EIak5wCh97e1OD+6/KODQ=
9,101,b6TO10kz65NR4NIDPiFOzSMGKvg=,F85gr+EIak5wCh97e1OD+6/KODQ=
1,100,b6TO10kz65NR4NIDPiFOzSMGKvg=,F85gr+EIak5wCh97e1OD+6/KODQ=
0,100,b6TO10kz65NR4NIDPiFOzSMGKvg=,F85gr+EIak5wCh97e1OD+6/KODQ=
2,98,bZwMqAwtCaRUoklN4OW9e4vV8yQ=,F85gr+EIak5wCh97e1OD+6/KODQ=
0,96,b6TO10kz65NR4NIDPiFOzSMGKvg=,F85gr+EIak5wCh97e1OD+6/KODQ=
1,98,bZwMqAwtCaRUoklN4OW9e4vV8yQ=,F85gr+EIak5wCh97e1OD+6/KODQ=
2,100,b6TO10kz65NR4NIDPiFOzSMGKvg=,F85gr+EIak5wCh97e1OD+6/KODQ=
12,100,b6TO10kz65NR4NIDPiFOzSMGKvg=,F85gr+EIak5wCh97e1OD+6/KODQ=
6,96,b6TO10kz65NR4NIDPiFOzSMGKvg=,F85gr+EIak5wCh97e1OD+6/KODQ=
4,101,b6TO10kz65NR4NIDPiFOzSMGKvg=,F85gr+EIak5wCh97e1OD+6/KODQ=
6,101,b6TO10kz65NR4NIDPiFOzSMGKvg=,F85gr+EIak5wCh97e1OD+6/KODQ=
7,96,b6TO10kz65NR4NIDPiFOzSMGKvg=,F85gr+EIak5wCh97e1OD+6/KODQ=
13,101,b6TO10kz65NR4NIDPiFOzSMGKvg=,F85gr+EIak5wCh97e1OD+6/KODQ=
14,100,b6TO10kz65NR4NIDPiFOzSMGKvg=,F85gr+EIak5wCh97e1OD+6/KODQ=
5,99,b6TO10kz65NR4NIDPiFOzSMGKvg=,F85gr+EIak5wCh97e1OD+6/KODQ=
11,100,b6TO10kz65NR4NIDPiFOzSMGKvg=,F85gr+EIak5wCh97e1OD+6/KODQ=
9,100,b6TO10kz65NR4NIDPiFOzSMGKvg=,F85gr+EIak5wCh97e1OD+6/KODQ=
8,100,b6TO10kz65NR4NIDPiFOzSMGKvg=,F85gr+EIak5wCh97e1OD+6/KODQ=
13,100,b6TO10kz65NR4NIDPiFOzSMGKvg=,F85gr+EIak5wCh97e1OD+6/KODQ=
10,100,b6TO10kz65NR4NIDPiFOzSMGKvg=,F85gr+EIak5wCh97e1OD+6/KODQ=
5,100,b6TO10kz65NR4NIDPiFOzSMGKvg=,F85gr+EIak5wCh97e1OD+6/KODQ=
4,100,b6TO10kz65NR4NIDPiFOzSMGKvg=,F85gr+EIak5wCh97e1OD+6/KODQ=
5,96,b6TO10kz65NR4NIDPiFOzSMGKvg=,F85gr+EIak5wCh97e1OD+6/KODQ=
7,100,b6TO10kz65NR4NIDPiFOzSMGKvg=,F85gr+EIak5wCh97e1OD+6/KODQ=
12,99,b6TO10kz65NR4NIDPiFOzSMGKvg=,F85gr+EIak5wCh97e1OD+6/KODQ=
14,99,b6TO10kz65NR4NIDPiFOzSMGKvg=,F85gr+EIak5wCh97e1OD+6/KODQ=
6,100,b6TO10kz65NR4NIDPiFOzSMGKvg=,F85gr+EIak5wCh97e1OD+6/KODQ=
15,99,b6TO10kz65NR4NIDPiFOzSMGKvg=,F85gr+EIak5wCh97e1OD+6/KODQ=
11,99,b6TO10kz65NR4NIDPiFOzSMGKvg=,F85gr+EIak5wCh97e1OD+6/KODQ=
13,99,b6TO10kz65NR4NIDPiFOzSMGKvg=,F85gr+EIak5wCh97e1OD+6/KODQ=
10,99,b6TO10kz65NR4NIDPiFOzSMGKvg=,F85gr+EIak5wCh97e1OD+6/KODQ=
6,99,b6TO10kz65NR4NIDPiFOzSMGKvg=,F85gr+EIak5wCh97e1OD+6/KODQ=
8,99,b6TO10kz65NR4NIDPiFOzSMGKvg=,F85gr+EIak5wCh97e1OD+6/KODQ=
9,99,b6TO10kz65NR4NIDPiFOzSMGKvg=,F85gr+EIak5wCh97e1OD+6/KODQ=
7,99,b6TO10kz65NR4NIDPiFOzSMGKvg=,F85gr+EIak5wCh97e1OD+6/KODQ=
29,98,0Ax2mdRHFi0JW8ut/CNT2zgBL+k=,iI1L6cs+azmpSRU7QiEHu0xWEZI=
29,97,0Ax2mdRHFi0JW8ut/CNT2zgBL+k=,iI1L6cs+azmpSRU7QiEHu0xWEZI=
31,98,0Ax2mdRHFi0JW8ut/CNT2zgBL+k=,iI1L6cs+azmpSRU7QiEHu0xWEZI=
30,97,0Ax2mdRHFi0JW8ut/CNT2zgBL+k=,iI1L6cs+azmpSRU7QiEHu0xWEZI=
31,111,0Ax2mdRHFi0JW8ut/CNT2zgBL+k=,iI1L6cs+azmpSRU7QiEHu0xWEZI=
30,98,0Ax2mdRHFi0JW8ut/CNT2zgBL+k=,iI1L6cs+azmpSRU7QiEHu0xWEZI=
31,97,0Ax2mdRHFi0JW8ut/CNT2zgBL+k=,iI1L6cs+azmpSRU7QiEHu0xWEZI=
30,111,0Ax2mdRHFi0JW8ut/CNT2zgBL+k=,iI1L6cs+azmpSRU7QiEHu0xWEZI=
24,111,0Ax2mdRHFi0JW8ut/CNT2zgBL+k=,iI1L6cs+azmpSRU7QiEHu0xWEZI=
27,111,0Ax2mdRHFi0JW8ut/CNT2zgBL+k=,iI1L6cs+azmpSRU7QiEHu0xWEZI=
25,111,0Ax2mdRHFi0JW8ut/CNT2zgBL+k=,iI1L6cs+azmpSRU7QiEHu0xWEZI=
23,111,0Ax2mdRHFi0JW8ut/CNT2zgBL+k=,iI1L6cs+azmpSRU7QiEHu0xWEZI=
26,111,0Ax2mdRHFi0JW8ut/CNT2zgBL+k=,iI1L6cs+azmpSRU7QiEHu0xWEZI=
29,111,0Ax2mdRHFi0JW8ut/CNT2zgBL+k=,iI1L6cs+azmpSRU7QiEHu0xWEZI=
28,111,0Ax2mdRHFi0JW8ut/CNT2zgBL+k=,iI1L6cs+azmpSRU7QiEHu0xWEZI=
19,111,0Ax2mdRHFi0JW8ut/CNT2zgBL+k=,iI1L6cs+azmpSRU7QiEHu0xWEZI=
22,111,0Ax2mdRHFi0JW8ut/CNT2zgBL+k=,iI1L6cs+azmpSRU7QiEHu0xWEZI=
20,111,0Ax2mdRHFi0JW8ut/CNT2zgBL+k=,iI1L6cs+azmpSRU7QiEHu0xWEZI=
21,111,0Ax2mdRHFi0JW8ut/CNT2zgBL+k=,iI1L6cs+azmpSRU7QiEHu0xWEZI=
18,111,0Ax2mdRHFi0JW8ut/CNT2zgBL+k=,iI1L6cs+azmpSRU7QiEHu0xWEZI=
17,111,0Ax2mdRHFi0JW8ut/CNT2zgBL+k=,iI1L6cs+azmpSRU7QiEHu0xWEZI=
16,111,0Ax2mdRHFi0JW8ut/CNT2zgBL+k=,iI1L6cs+azmpSRU7QiEHu0xWEZI=
31,110,0Ax2mdRHFi0JW8ut/CNT2zgBL+k=,iI1L6cs+azmpSRU7QiEHu0xWEZI=
30,110,0Ax2mdRHFi0JW8ut/CNT2zgBL+k=,iI1L6cs+azmpSRU7QiEHu0xWEZI=
28,98,0Ax2mdRHFi0JW8ut/CNT2zgBL+k=,iI1L6cs+azmpSRU7QiEHu0xWEZI=
29,110,0Ax2mdRHFi0JW8ut/CNT2zgBL+k=,iI1L6cs+azmpSRU7QiEHu0xWEZI=
28,110,0Ax2mdRHFi0JW8ut/CNT2zgBL+k=,iI1L6cs+azmpSRU7QiEHu0xWEZI=
27,110,0Ax2mdRHFi0JW8ut/CNT2zgBL+k=,iI1L6cs+azmpSRU7QiEHu0xWEZI=
26,110,0Ax2mdRHFi0JW8ut/CNT2zgBL+k=,iI1L6cs+azmpSRU7QiEHu0xWEZI=
25,110,0Ax2mdRHFi0JW8ut/CNT2zgBL+k=,iI1L6cs+azmpSRU7QiEHu0xWEZI=
24,110,0Ax2mdRHFi0JW8ut/CNT2zgBL+k=,iI1L6cs+azmpSRU7QiEHu0xWEZI=
23,110,0Ax2mdRHFi0JW8ut/CNT2zgBL+k=,iI1L6cs+azmpSRU7QiEHu0xWEZI=
22,110,0Ax2mdRHFi0JW8ut/CNT2zgBL+k=,iI1L6cs+azmpSRU7QiEHu0xWEZI=
21,110,0Ax2mdRHFi0JW8ut/CNT2zgBL+k=,iI1L6cs+azmpSRU7QiEHu0xWEZI=
20,110,0Ax2mdRHFi0JW8ut/CNT2zgBL+k=,iI1L6cs+azmpSRU7QiEHu0xWEZI=
19,110,0Ax2mdRHFi0JW8ut/CNT2zgBL+k=,iI1L6cs+azmpSRU7QiEHu0xWEZI=
18,110,0Ax2mdRHFi0JW8ut/CNT2zgBL+k=,iI1L6cs+azmpSRU7QiEHu0xWEZI=
17,110,0Ax2mdRHFi0JW8ut/CNT2zgBL+k=,iI1L6cs+azmpSRU7QiEHu0xWEZI=
16,110,0Ax2mdRHFi0JW8ut/CNT2zgBL+k=,iI1L6cs+azmpSRU7QiEHu0xWEZI=
28,97,0Ax2mdRHFi0JW8ut/CNT2zgBL+k=,iI1L6cs+azmpSRU7QiEHu0xWEZI=
17,97,0Ax2mdRHFi0JW8ut/CNT2zgBL+k=,iI1L6cs+azmpSRU7QiEHu0xWEZI=
19,96,0Ax2mdRHFi0JW8ut/CNT2zgBL+k=,iI1L6cs+azmpSRU7QiEHu0xWEZI=
30,109,0Ax2mdRHFi0JW8ut/CNT2zgBL+k=,iI1L6cs+azmpSRU7QiEHu0xWEZI=
31,109,0Ax2mdRHFi0JW8ut/CNT2zgBL+k=,iI1L6cs+azmpSRU7QiEHu0xWEZI=
31,96,0Ax2mdRHFi0JW8ut/CNT2zgBL+k=,iI1L6cs+azmpSRU7QiEHu0xWEZI=
16,99,0Ax2mdRHFi0JW8ut/CNT2zgBL+k=,iI1L6cs+azmpSRU7QiEHu0xWEZI=
29,109,0Ax2mdRHFi0JW8ut/CNT2zgBL+k=,iI1L6cs+azmpSRU7QiEHu0xWEZI=
28,109,0Ax2mdRHFi0JW8ut/CNT2zgBL+k=,iI1L6cs+azmpSRU7QiEHu0xWEZI=
22,97,0Ax2mdRHFi0JW8ut/CNT2zgBL+k=,iI1L6cs+azmpSRU7QiEHu0xWEZI=
23,97,0Ax2mdRHFi0JW8ut/CNT2zgBL+k=,iI1L6cs+azmpSRU7QiEHu0xWEZI=
27,109,0Ax2mdRHFi0JW8ut/CNT2zgBL+k=,iI1L6cs+azmpSRU7QiEHu0xWEZI=
25,109,0Ax2mdRHFi0JW8ut/CNT2zgBL+k=,iI1L6cs+azmpSRU7QiEHu0xWEZI=
20,97,0Ax2mdRHFi0JW8ut/CNT2zgBL+k=,iI1L6cs+azmpSRU7QiEHu0xWEZI=
18,96,0Ax2mdRHFi0JW8ut/CNT2zgBL+k=,iI1L6cs+azmpSRU7QiEHu0xWEZI=
18,97,0Ax2mdRHFi0JW8ut/CNT2zgBL+k=,iI1L6cs+azmpSRU7QiEHu0xWEZI=
24,109,0Ax2mdRHFi0JW8ut/CNT2zgBL+k=,iI1L6cs+azmpSRU7QiEHu0xWEZI=
23,109,0Ax2mdRHFi0JW8ut/CNT2zgBL+k=,iI1L6cs+azmpSRU7QiEHu0xWEZI=
21,109,0Ax2mdRHFi0JW8ut/CNT2zgBL+k=,iI1L6cs+azmpSRU7QiEHu0xWEZI=
20,109,0Ax2mdRHFi0JW8ut/CNT2zgBL+k=,iI1L6cs+azmpSRU7QiEHu0xWEZI=
19,97,0Ax2mdRHFi0JW8ut/CNT2zgBL+k=,iI1L6cs+azmpSRU7QiEHu0xWEZI=
24,97,0Ax2mdRHFi0JW8ut/CNT2zgBL+k=,iI1L6cs+azmpSRU7QiEHu0xWEZI=
18,109,0Ax2mdRHFi0JW8ut/CNT2zgBL+k=,iI1L6cs+azmpSRU7QiEHu0xWEZI=
19,109,0Ax2mdRHFi0JW8ut/CNT2zgBL+k=,iI1L6cs+azmpSRU7QiEHu0xWEZI=
17,109,0Ax2mdRHFi0JW8ut/CNT2zgBL+k=,iI1L6cs+azmpSRU7QiEHu0xWEZI=
31,108,0Ax2mdRHFi0JW8ut/CNT2zgBL+k=,iI1L6cs+azmpSRU7QiEHu0xWEZI=
29,108,0Ax2mdRHFi0JW8ut/CNT2zgBL+k=,iI1L6cs+azmpSRU7QiEHu0xWEZI=
30,108,0Ax2mdRHFi0JW8ut/CNT2zgBL+k=,iI1L6cs+azmpSRU7QiEHu0xWEZI=
30,96,0Ax2mdRHFi0JW8ut/CNT2zgBL+k=,iI1L6cs+azmpSRU7QiEHu0xWEZI=
28,108,0Ax2mdRHFi0JW8ut/CNT2zgBL+k=,iI1L6cs+azmpSRU7QiEHu0xWEZI=
27,108,0Ax2mdRHFi0JW8ut/CNT2zgBL+k=,iI1L6cs+azmpSRU7QiEHu0xWEZI=
26,108,0Ax2mdRHFi0JW8ut/CNT2zgBL+k=,iI1L6cs+azmpSRU7QiEHu0xWEZI=
18,108,0Ax2mdRHFi0JW8ut/CNT2zgBL+k=,iI1L6cs+azmpSRU7QiEHu0xWEZI=
25,108,0Ax2mdRHFi0JW8ut/CNT2zgBL+k=,iI1L6cs+azmpSRU7QiEHu0xWEZI=
21,97,0Ax2mdRHFi0JW8ut/CNT2zgBL+k=,iI1L6cs+azmpSRU7QiEHu0xWEZI=
26,97,0Ax2mdRHFi0JW8ut/CNT2zgBL+k=,iI1L6cs+azmpSRU7QiEHu0xWEZI=
24,108,0Ax2mdRHFi0JW8ut/CNT2zgBL+k=,iI1L6cs+azmpSRU7QiEHu0xWEZI=
26,109,0Ax2mdRHFi0JW8ut/CNT2zgBL+k=,iI1L6cs+azmpSRU7QiEHu0xWEZI=
16,109,0Ax2mdRHFi0JW8ut/CNT2zgBL+k=,iI1L6cs+azmpSRU7QiEHu0xWEZI=
23,108,0Ax2mdRHFi0JW8ut/CNT2zgBL+k=,iI1L6cs+azmpSRU7QiEHu0xWEZI=
31,107,0Ax2mdRHFi0JW8ut/CNT2zgBL+k=,iI1L6cs+azmpSRU7QiEHu0xWEZI=
19,108,0Ax2mdRHFi0JW8ut/CNT2zgBL+k=,iI1L6cs+azmpSRU7QiEHu0xWEZI=
16,108,0Ax2mdRHFi0JW8ut/CNT2zgBL+k=,iI1L6cs+azmpSRU7QiEHu0xWEZI=
17,108,0Ax2mdRHFi0JW8ut/CNT2zgBL+k=,iI1L6cs+azmpSRU7QiEHu0xWEZI=
30,107,0Ax2mdRHFi0JW8ut/CNT2zgBL+k=,iI1L6cs+azmpSRU7QiEHu0xWEZI=
27,97,0Ax2mdRHFi0JW8ut/CNT2zgBL+k=,iI1L6cs+azmpSRU7QiEHu0xWEZI=
29,107,0Ax2mdRHFi0JW8ut/CNT2zgBL+k=,iI1L6cs+azmpSRU7QiEHu0xWEZI=
28,107,0Ax2mdRHFi0JW8ut/CNT2zgBL+k=,iI1L6cs+azmpSRU7QiEHu0xWEZI=
29,96,0Ax2mdRHFi0JW8ut/CNT2zgBL+k=,iI1L6cs+azmpSRU7QiEHu0xWEZI=
27,107,0Ax2mdRHFi0JW8ut/CNT2zgBL+k=,iI1L6cs+azmpSRU7QiEHu0xWEZI=
26,107,0Ax2mdRHFi0JW8ut/CNT2zgBL+k=,iI1L6cs+azmpSRU7QiEHu0xWEZI=
24,107,0Ax2mdRHFi0JW8ut/CNT2zgBL+k=,iI1L6cs+azmpSRU7QiEHu0xWEZI=
22,108,0Ax2mdRHFi0JW8ut/CNT2zgBL+k=,iI1L6cs+azmpSRU7QiEHu0xWEZI=
22,107,0Ax2mdRHFi0JW8ut/CNT2zgBL+k=,iI1L6cs+azmpSRU7QiEHu0xWEZI=
23,107,0Ax2mdRHFi0JW8ut/CNT2zgBL+k=,iI1L6cs+azmpSRU7QiEHu0xWEZI=
20,107,0Ax2mdRHFi0JW8ut/CNT2zgBL+k=,iI1L6cs+azmpSRU7QiEHu0xWEZI=
19,107,0Ax2mdRHFi0JW8ut/CNT2zgBL+k=,iI1L6cs+azmpSRU7QiEHu0xWEZI=
25,107,0Ax2mdRHFi0JW8ut/CNT2zgBL+k=,iI1L6cs+azmpSRU7QiEHu0xWEZI=
21,107,0Ax2mdRHFi0JW8ut/CNT2zgBL+k=,iI1L6cs+azmpSRU7QiEHu0xWEZI=
20,108,0Ax2mdRHFi0JW8ut/CNT2zgBL+k=,iI1L6cs+azmpSRU7QiEHu0xWEZI=
17,107,0Ax2mdRHFi0JW8ut/CNT2zgBL+k=,iI1L6cs+azmpSRU7QiEHu0xWEZI=
22,109,0Ax2mdRHFi0JW8ut/CNT2zgBL+k=,iI1L6cs+azmpSRU7QiEHu0xWEZI=
16,107,0Ax2mdRHFi0JW8ut/CNT2zgBL+k=,iI1L6cs+azmpSRU7QiEHu0xWEZI=
31,106,0Ax2mdRHFi0JW8ut/CNT2zgBL+k=,iI1L6cs+azmpSRU7QiEHu0xWEZI=
21,108,0Ax2mdRHFi0JW8ut/CNT2zgBL+k=,iI1L6cs+azmpSRU7QiEHu0xWEZI=
29,106,0Ax2mdRHFi0JW8ut/CNT2zgBL+k=,iI1L6cs+azmpSRU7QiEHu0xWEZI=
30,106,0Ax2mdRHFi0JW8ut/CNT2zgBL+k=,iI1L6cs+azmpSRU7QiEHu0xWEZI=
27,106,0Ax2mdRHFi0JW8ut/CNT2zgBL+k=,iI1L6cs+azmpSRU7QiEHu0xWEZI=
26,106,0Ax2mdRHFi0JW8ut/CNT2zgBL+k=,iI1L6cs+azmpSRU7QiEHu0xWEZI=
24,106,0Ax2mdRHFi0JW8ut/CNT2zgBL+k=,iI1L6cs+azmpSRU7QiEHu0xWEZI=
23,106,0Ax2mdRHFi0JW8ut/CNT2zgBL+k=,iI1L6cs+azmpSRU7QiEHu0xWEZI=
22,106,0Ax2mdRHFi0JW8ut/CNT2zgBL+k=,iI1L6cs+azmpSRU7QiEHu0xWEZI=
21,106,0Ax2mdRHFi0JW8ut/CNT2zgBL+k=,iI1L6cs+azmpSRU7QiEHu0xWEZI=
19,106,0Ax2mdRHFi0JW8ut/CNT2zgBL+k=,iI1L6cs+azmpSRU7QiEHu0xWEZI=
25,97,0Ax2mdRHFi0JW8ut/CNT2zgBL+k=,iI1L6cs+azmpSRU7QiEHu0xWEZI=
18,106,0Ax2mdRHFi0JW8ut/CNT2zgBL+k=,iI1L6cs+azmpSRU7QiEHu0xWEZI=
17,106,0Ax2mdRHFi0JW8ut/CNT2zgBL+k=,iI1L6cs+azmpSRU7QiEHu0xWEZI=
16,97,0Ax2mdRHFi0JW8ut/CNT2zgBL+k=,iI1L6cs+azmpSRU7QiEHu0xWEZI=
16,106,0Ax2mdRHFi0JW8ut/CNT2zgBL+k=,iI1L6cs+azmpSRU7QiEHu0xWEZI=
31,105,0Ax2mdRHFi0JW8ut/CNT2zgBL+k=,iI1L6cs+azmpSRU7QiEHu0xWEZI=
30,105,0Ax2mdRHFi0JW8ut/CNT2zgBL+k=,iI1L6cs+azmpSRU7QiEHu0xWEZI=
29,105,0Ax2mdRHFi0JW8ut/CNT2zgBL+k=,iI1L6cs+azmpSRU7QiEHu0xWEZI=
20,106,0Ax2mdRHFi0JW8ut/CNT2zgBL+k=,iI1L6cs+azmpSRU7QiEHu0xWEZI=
18,107,0Ax2mdRHFi0JW8ut/CNT2zgBL+k=,iI1L6cs+azmpSRU7QiEHu0xWEZI=
28,106,0Ax2mdRHFi0JW8ut/CNT2zgBL+k=,iI1L6cs+azmpSRU7QiEHu0xWEZI=
25,106,0Ax2mdRHFi0JW8ut/CNT2zgBL+k=,iI1L6cs+azmpSRU7QiEHu0xWEZI=
27,105,0Ax2mdRHFi0JW8ut/CNT2zgBL+k=,iI1L6cs+azmpSRU7QiEHu0xWEZI=
26,105,0Ax2mdRHFi0JW8ut/CNT2zgBL+k=,iI1L6cs+azmpSRU7QiEHu0xWEZI=
25,105,0Ax2mdRHFi0JW8ut/CNT2zgBL+k=,iI1L6cs+azmpSRU7QiEHu0xWEZI=
24,105,0Ax2mdRHFi0JW8ut/CNT2zgBL+k=,iI1L6cs+azmpSRU7QiEHu0xWEZI=
21,105,0Ax2mdRHFi0JW8ut/CNT2zgBL+k=,iI1L6cs+azmpSRU7QiEHu0xWEZI=
22,105,0Ax2mdRHFi0JW8ut/CNT2zgBL+k=,iI1L6cs+azmpSRU7QiEHu0xWEZI=
23,105,0Ax2mdRHFi0JW8ut/CNT2zgBL+k=,iI1L6cs+azmpSRU7QiEHu0xWEZI=
20,105,0Ax2mdRHFi0JW8ut/CNT2zgBL+k=,iI1L6cs+azmpSRU7QiEHu0xWEZI=
19,105,0Ax2mdRHFi0JW8ut/CNT2zgBL+k=,iI1L6cs+azmpSRU7QiEHu0xWEZI=
18,105,0Ax2mdRHFi0JW8ut/CNT2zgBL+k=,iI1L6cs+azmpSRU7QiEHu0xWEZI=
17,105,0Ax2mdRHFi0JW8ut/CNT2zgBL+k=,iI1L6cs+azmpSRU7QiEHu0xWEZI=
16,105,0Ax2mdRHFi0JW8ut/CNT2zgBL+k=,iI1L6cs+azmpSRU7QiEHu0xWEZI=
31,104,0Ax2mdRHFi0JW8ut/CNT2zgBL+k=,iI1L6cs+azmpSRU7QiEHu0xWEZI=
30,104,0Ax2mdRHFi0JW8ut/CNT2zgBL+k=,iI1L6cs+azmpSRU7QiEHu0xWEZI=
29,104,0Ax2mdRHFi0JW8ut/CNT2zgBL+k=,iI1L6cs+azmpSRU7QiEHu0xWEZI=
28,104,0Ax2mdRHFi0JW8ut/CNT2zgBL+k=,iI1L6cs+azmpSRU7QiEHu0xWEZI=
27,104,0Ax2mdRHFi0JW8ut/CNT2zgBL+k=,iI1L6cs+azmpSRU7QiEHu0xWEZI=
26,104,0Ax2mdRHFi0JW8ut/CNT2zgBL+k=,iI1L6cs+azmpSRU7QiEHu0xWEZI=
25,104,0Ax2mdRHFi0JW8ut/CNT2zgBL+k=,iI1L6cs+azmpSRU7QiEHu0xWEZI=
24,104,0Ax2mdRHFi0JW8ut/CNT2zgBL+k=,iI1L6cs+azmpSRU7QiEHu0xWEZI=
23,104,0Ax2mdRHFi0JW8ut/CNT2zgBL+k=,iI1L6cs+azmpSRU7QiEHu0xWEZI=
22,104,0Ax2mdRHFi0JW8ut/CNT2zgBL+k=,iI1L6cs+azmpSRU7QiEHu0xWEZI=
21,104,0Ax2mdRHFi0JW8ut/CNT2zgBL+k=,iI1L6cs+azmpSRU7QiEHu0xWEZI=
20,104,0Ax2mdRHFi0JW8ut/CNT2zgBL+k=,iI1L6cs+azmpSRU7QiEHu0xWEZI=
19,104,0Ax2mdRHFi0JW8ut/CNT2zgBL+k=,iI1L6cs+azmpSRU7QiEHu0xWEZI=
18,104,0Ax2mdRHFi0JW8ut/CNT2zgBL+k=,iI1L6cs+azmpSRU7QiEHu0xWEZI=
17,104,0Ax2mdRHFi0JW8ut/CNT2zgBL+k=,iI1L6cs+azmpSRU7QiEHu0xWEZI=
16,104,0Ax2mdRHFi0JW8ut/CNT2zgBL+k=,iI1L6cs+azmpSRU7QiEHu0xWEZI=
31,103,0Ax2mdRHFi0JW8ut/CNT2zgBL+k=,iI1L6cs+azmpSRU7QiEHu0xWEZI=
30,103,0Ax2mdRHFi0JW8ut/CNT2zgBL+k=,iI1L6cs+azmpSRU7QiEHu0xWEZI=
29,103,0Ax2mdRHFi0JW8ut/CNT2zgBL+k=,iI1L6cs+azmpSRU7QiEHu0xWEZI=
28,103,0Ax2mdRHFi0JW8ut/CNT2zgBL+k=,iI1L6cs+azmpSRU7QiEHu0xWEZI=
27,103,0Ax2mdRHFi0JW8ut/CNT2zgBL+k=,iI1L6cs+azmpSRU7QiEHu0xWEZI=
28,105,0Ax2mdRHFi0JW8ut/CNT2zgBL+k=,iI1L6cs+azmpSRU7QiEHu0xWEZI=
25,103,0Ax2mdRHFi0JW8ut/CNT2zgBL+k=,iI1L6cs+azmpSRU7QiEHu0xWEZI=
24,103,0Ax2mdRHFi0JW8ut/CNT2zgBL+k=,iI1L6cs+azmpSRU7QiEHu0xWEZI=
26,103,0Ax2mdRHFi0JW8ut/CNT2zgBL+k=,iI1L6cs+azmpSRU7QiEHu0xWEZI=
27,98,0Ax2mdRHFi0JW8ut/CNT2zgBL+k=,iI1L6cs+azmpSRU7QiEHu0xWEZI=
17,99,0Ax2mdRHFi0JW8ut/CNT2zgBL+k=,iI1L6cs+azmpSRU7QiEHu0xWEZI=
17,96,0Ax2mdRHFi0JW8ut/CNT2zgBL+k=,iI1L6cs+azmpSRU7QiEHu0xWEZI=
26,98,0Ax2mdRHFi0JW8ut/CNT2zgBL+k=,iI1L6cs+azmpSRU7QiEHu0xWEZI=
25,98,0Ax2mdRHFi0JW8ut/CNT2zgBL+k=,iI1L6cs+azmpSRU7QiEHu0xWEZI=
24,98,0Ax2mdRHFi0JW8ut/CNT2zgBL+k=,iI1L6cs+azmpSRU7QiEHu0xWEZI=
28,96,0Ax2mdRHFi0JW8ut/CNT2zgBL+k=,iI1L6cs+azmpSRU7QiEHu0xWEZI=
31,102,0Ax2mdRHFi0JW8ut/CNT2zgBL+k=,iI1L6cs+azmpSRU7QiEHu0xWEZI=
30,102,0Ax2mdRHFi0JW8ut/CNT2zgBL+k=,iI1L6cs+azmpSRU7QiEHu0xWEZI=
29,102,0Ax2mdRHFi0JW8ut/CNT2zgBL+k=,iI1L6cs+azmpSRU7QiEHu0xWEZI=
28,102,0Ax2mdRHFi0JW8ut/CNT2zgBL+k=,iI1L6cs+azmpSRU7QiEHu0xWEZI=
19,103,0Ax2mdRHFi0JW8ut/CNT2zgBL+k=,iI1L6cs+azmpSRU7QiEHu0xWEZI=
27,102,0Ax2mdRHFi0JW8ut/CNT2zgBL+k=,iI1L6cs+azmpSRU7QiEHu0xWEZI=
26,102,0Ax2mdRHFi0JW8ut/CNT2zgBL+k=,iI1L6cs+azmpSRU7QiEHu0xWEZI=
25,102,0Ax2mdRHFi0JW8ut/CNT2zgBL+k=,iI1L6cs+azmpSRU7QiEHu0xWEZI=
24,102,0Ax2mdRHFi0JW8ut/CNT2zgBL+k=,iI1L6cs+azmpSRU7QiEHu0xWEZI=
23,103,0Ax2mdRHFi0JW8ut/CNT2zgBL+k=,iI1L6cs+azmpSRU7QiEHu0xWEZI=
21,103,0Ax2mdRHFi0JW8ut/CNT2zgBL+k=,iI1L6cs+azmpSRU7QiEHu0xWEZI=
23,98,0Ax2mdRHFi0JW8ut/CNT2zgBL+k=,iI1L6cs+azmpSRU7QiEHu0xWEZI=
27,96,0Ax2mdRHFi0JW8ut/CNT2zgBL+k=,iI1L6cs+azmpSRU7QiEHu0xWEZI=
22,103,0Ax2mdRHFi0JW8ut/CNT2zgBL+k=,iI1L6cs+azmpSRU7QiEHu0xWEZI=
22,98,0Ax2mdRHFi0JW8ut/CNT2zgBL+k=,iI1L6cs+azmpSRU7QiEHu0xWEZI=
26,96,0Ax2mdRHFi0JW8ut/CNT2zgBL+k=,iI1L6cs+azmpSRU7QiEHu0xWEZI=
21,98,0Ax2mdRHFi0JW8ut/CNT2zgBL+k=,iI1L6cs+azmpSRU7QiEHu0xWEZI=
20,103,0Ax2mdRHFi0JW8ut/CNT2zgBL+k=,iI1L6cs+azmpSRU7QiEHu0xWEZI=
31,101,0Ax2mdRHFi0JW8ut/CNT2zgBL+k=,iI1L6cs+azmpSRU7QiEHu0xWEZI=
30,101,0Ax2mdRHFi0JW8ut/CNT2zgBL+k=,iI1L6cs+azmpSRU7QiEHu0xWEZI=
29,101,0Ax2mdRHFi0JW8ut/CNT2zgBL+k=,iI1L6cs+azmpSRU7QiEHu0xWEZI=
25,96,0Ax2mdRHFi0JW8ut/CNT2zgBL+k=,iI1L6cs+azmpSRU7QiEHu0xWEZI=
28,101,0Ax2mdRHFi0JW8ut/CNT2zgBL+k=,iI1L6cs+azmpSRU7QiEHu0xWEZI=
27,101,0Ax2mdRHFi0JW8ut/CNT2zgBL+k=,iI1L6cs+azmpSRU7QiEHu0xWEZI=
18,103,0Ax2mdRHFi0JW8ut/CNT2zgBL+k=,iI1L6cs+azmpSRU7QiEHu0xWEZI=
18,99,0Ax2mdRHFi0JW8ut/CNT2zgBL+k=,iI1L6cs+azmpSRU7QiEHu0xWEZI=
16,103,0Ax2mdRHFi0JW8ut/CNT2zgBL+k=,iI1L6cs+azmpSRU7QiEHu0xWEZI=
17,103,0Ax2mdRHFi0JW8ut/CNT2zgBL+k=,iI1L6cs+azmpSRU7QiEHu0xWEZI=
23,102,0Ax2mdRHFi0JW8ut/CNT2zgBL+k=,iI1L6cs+azmpSRU7QiEHu0xWEZI=
24,96,0Ax2mdRHFi0JW8ut/CNT2zgBL+k=,iI1L6cs+azmpSRU7QiEHu0xWEZI=
22,102,0Ax2mdRHFi0JW8ut/CNT2zgBL+k=,iI1L6cs+azmpSRU7QiEHu0xWEZI=
19,102,0Ax2mdRHFi0JW8ut/CNT2zgBL+k=,iI1L6cs+azmpSRU7QiEHu0xWEZI=
20,98,0Ax2mdRHFi0JW8ut/CNT2zgBL+k=,iI1L6cs+azmpSRU7QiEHu0xWEZI=
21,102,0Ax2mdRHFi0JW8ut/CNT2zgBL+k=,iI1L6cs+azmpSRU7QiEHu0xWEZI=
20,102,0Ax2mdRHFi0JW8ut/CNT2zgBL+k=,iI1L6cs+azmpSRU7QiEHu0xWEZI=
17,102,0Ax2mdRHFi0JW8ut/CNT2zgBL+k=,iI1L6cs+azmpSRU7QiEHu0xWEZI=
18,102,0Ax2mdRHFi0JW8ut/CNT2zgBL+k=,iI1L6cs+azmpSRU7QiEHu0xWEZI=
31,100,0Ax2mdRHFi0JW8ut/CNT2zgBL+k=,iI1L6cs+azmpSRU7QiEHu0xWEZI=
16,102,0Ax2mdRHFi0JW8ut/CNT2zgBL+k=,iI1L6cs+azmpSRU7QiEHu0xWEZI=
26,101,0Ax2mdRHFi0JW8ut/CNT2zgBL+k=,iI1L6cs+azmpSRU7QiEHu0xWEZI=
30,100,0Ax2mdRHFi0JW8ut/CNT2zgBL+k=,iI1L6cs+azmpSRU7QiEHu0xWEZI=
29,100,0Ax2mdRHFi0JW8ut/CNT2zgBL+k=,iI1L6cs+azmpSRU7QiEHu0xWEZI=
28,100,0Ax2mdRHFi0JW8ut/CNT2zgBL+k=,iI1L6cs+azmpSRU7QiEHu0xWEZI=
27,100,0Ax2mdRHFi0JW8ut/CNT2zgBL+k=,iI1L6cs+azmpSRU7QiEHu0xWEZI=
25,101,0Ax2mdRHFi0JW8ut/CNT2zgBL+k=,iI1L6cs+azmpSRU7QiEHu0xWEZI=
16,98,0Ax2mdRHFi0JW8ut/CNT2zgBL+k=,iI1L6cs+azmpSRU7QiEHu0xWEZI=
24,101,0Ax2mdRHFi0JW8ut/CNT2zgBL+k=,iI1L6cs+azmpSRU7QiEHu0xWEZI=
22,101,0Ax2mdRHFi0JW8ut/CNT2zgBL+k=,iI1L6cs+azmpSRU7QiEHu0xWEZI=
23,101,0Ax2mdRHFi0JW8ut/CNT2zgBL+k=,iI1L6cs+azmpSRU7QiEHu0xWEZI=
23,96,0Ax2mdRHFi0JW8ut/CNT2zgBL+k=,iI1L6cs+azmpSRU7QiEHu0xWEZI=
20,101,0Ax2mdRHFi0JW8ut/CNT2zgBL+k=,iI1L6cs+azmpSRU7QiEHu0xWEZI=
21,101,0Ax2mdRHFi0JW8ut/CNT2zgBL+k=,iI1L6cs+azmpSRU7QiEHu0xWEZI=
19,101,0Ax2mdRHFi0JW8ut/CNT2zgBL+k=,iI1L6cs+azmpSRU7QiEHu0xWEZI=
19,98,0Ax2mdRHFi0JW8ut/CNT2zgBL+k=,iI1L6cs+azmpSRU7QiEHu0xWEZI=
22,96,0Ax2mdRHFi0JW8ut/CNT2zgBL+k=,iI1L6cs+azmpSRU7QiEHu0xWEZI=
18,101,0Ax2mdRHFi0JW8ut/CNT2zgBL+k=,iI1L6cs+azmpSRU7QiEHu0xWEZI=
17,101,0Ax2mdRHFi0JW8ut/CNT2zgBL+k=,iI1L6cs+azmpSRU7QiEHu0xWEZI=
16,101,0Ax2mdRHFi0JW8ut/CNT2zgBL+k=,iI1L6cs+azmpSRU7QiEHu0xWEZI=
26,100,0Ax2mdRHFi0JW8ut/CNT2zgBL+k=,iI1L6cs+azmpSRU7QiEHu0xWEZI=
31,99,0Ax2mdRHFi0JW8ut/CNT2zgBL+k=,iI1L6cs+azmpSRU7QiEHu0xWEZI=
25,100,0Ax2mdRHFi0JW8ut/CNT2zgBL+k=,iI1L6cs+azmpSRU7QiEHu0xWEZI=
30,99,0Ax2mdRHFi0JW8ut/CNT2zgBL+k=,iI1L6cs+azmpSRU7QiEHu0xWEZI=
29,99,0Ax2mdRHFi0JW8ut/CNT2zgBL+k=,iI1L6cs+azmpSRU7QiEHu0xWEZI=
24,100,0Ax2mdRHFi0JW8ut/CNT2zgBL+k=,iI1L6cs+azmpSRU7QiEHu0xWEZI=
20,96,0Ax2mdRHFi0JW8ut/CNT2zgBL+k=,iI1L6cs+azmpSRU7QiEHu0xWEZI=
28,99,0Ax2mdRHFi0JW8ut/CNT2zgBL+k=,iI1L6cs+azmpSRU7QiEHu0xWEZI=
27,99,0Ax2mdRHFi0JW8ut/CNT2zgBL+k=,iI1L6cs+azmpSRU7QiEHu0xWEZI=
23,100,0Ax2mdRHFi0JW8ut/CNT2zgBL+k=,iI1L6cs+azmpSRU7QiEHu0xWEZI=
22,100,0Ax2mdRHFi0JW8ut/CNT2zgBL+k=,iI1L6cs+azmpSRU7QiEHu0xWEZI=
21,100,0Ax2mdRHFi0JW8ut/CNT2zgBL+k=,iI1L6cs+azmpSRU7QiEHu0xWEZI=
21,96,0Ax2mdRHFi0JW8ut/CNT2zgBL+k=,iI1L6cs+azmpSRU7QiEHu0xWEZI=
20,100,0Ax2mdRHFi0JW8ut/CNT2zgBL+k=,iI1L6cs+azmpSRU7QiEHu0xWEZI=
18,98,0Ax2mdRHFi0JW8ut/CNT2zgBL+k=,iI1L6cs+azmpSRU7QiEHu0xWEZI=
18,100,0Ax2mdRHFi0JW8ut/CNT2zgBL+k=,iI1L6cs+azmpSRU7QiEHu0xWEZI=
17,100,0Ax2mdRHFi0JW8ut/CNT2zgBL+k=,iI1L6cs+azmpSRU7QiEHu0xWEZI=
17,98,0Ax2mdRHFi0JW8ut/CNT2zgBL+k=,iI1L6cs+azmpSRU7QiEHu0xWEZI=
19,100,0Ax2mdRHFi0JW8ut/CNT2zgBL+k=,iI1L6cs+azmpSRU7QiEHu0xWEZI=
16,96,0Ax2mdRHFi0JW8ut/CNT2zgBL+k=,iI1L6cs+azmpSRU7QiEHu0xWEZI=
16,100,0Ax2mdRHFi0JW8ut/CNT2zgBL+k=,iI1L6cs+azmpSRU7QiEHu0xWEZI=
24,99,0Ax2mdRHFi0JW8ut/CNT2zgBL+k=,iI1L6cs+azmpSRU7QiEHu0xWEZI=
26,99,0Ax2mdRHFi0JW8ut/CNT2zgBL+k=,iI1L6cs+azmpSRU7QiEHu0xWEZI=
19,99,0Ax2mdRHFi0JW8ut/CNT2zgBL+k=,iI1L6cs+azmpSRU7QiEHu0xWEZI=
22,99,0Ax2mdRHFi0JW8ut/CNT2zgBL+k=,iI1L6cs+azmpSRU7QiEHu0xWEZI=
21,99,0Ax2mdRHFi0JW8ut/CNT2zgBL+k=,iI1L6cs+azmpSRU7QiEHu0xWEZI=
25,99,0Ax2mdRHFi0JW8ut/CNT2zgBL+k=,iI1L6cs+azmpSRU7QiEHu0xWEZI=
23,99,0Ax2mdRHFi0JW8ut/CNT2zgBL+k=,iI1L6cs+azmpSRU7QiEHu0xWEZI=
20,99,0Ax2mdRHFi0JW8ut/CNT2zgBL+k=,iI1L6cs+azmpSRU7QiEHu0xWEZI=
