28,-11,5/quUdVsDJbNBXCnzjEZn1OLHK0=,JHBn8xISn/18zmjbdK4onWvqsjw=
29,-11,5/quUdVsDJbNBXCnzjEZn1OLHK0=,JHBn8xISn/18zmjbdK4onWvqsjw=
22,-14,5/quUdVsDJbNBXCnzjEZn1OLHK0=,NDVHcS9tKP0jMqxClAK0wVi4rLw=
20,-5,/thC792r7dnN0Revfugi9q0mcJI=,nTwz6oouH0mzh7Og7fNqHlykEfU=
21,-14,5/quUdVsDJbNBXCnzjEZn1OLHK0=,NDVHcS9tKP0jMqxClAK0wVi4rLw=
23,-14,5/quUdVsDJbNBXCnzjEZn1OLHK0=,NDVHcS9tKP0jMqxClAK0wVi4rLw=
17,-13,5/quUdVsDJbNBXCnzjEZn1OLHK0=,NDVHcS9tKP0jMqxClAK0wVi4rLw=
19,-5,5/quUdVsDJbNBXCnzjEZn1OLHK0=,nTwz6oouH0mzh7Og7fNqHlykEfU=
20,-13,5/quUdVsDJbNBXCnzjEZn1OLHK0=,NDVHcS9tKP0jMqxClAK0wVi4rLw=
23,-15,5/quUdVsDJbNBXCnzjEZn1OLHK0=,NDVHcS9tKP0jMqxClAK0wVi4rLw=
20,-14,5/quUdVsDJbNBXCnzjEZn1OLHK0=,NDVHcS9tKP0jMqxClAK0wVi4rLw=
17,-14,5/quUdVsDJbNBXCnzjEZn1OLHK0=,NDVHcS9tKP0jMqxClAK0wVi4rLw=
28,-5,5/quUdVsDJbNBXCnzjEZn1OLHK0=,WJADyG3vn12eyA0XDPVVxvxXv90=
18,-13,5/quUdVsDJbNBXCnzjEZn1OLHK0=,NDVHcS9tKP0jMqxClAK0wVi4rLw=
19,-14,5/quUdVsDJbNBXCnzjEZn1OLHK0=,NDVHcS9tKP0jMqxClAK0wVi4rLw=
18,-14,5/quUdVsDJbNBXCnzjEZn1OLHK0=,NDVHcS9tKP0jMqxClAK0wVi4rLw=
19,-13,5/quUdVsDJbNBXCnzjEZn1OLHK0=,NDVHcS9tKP0jMqxClAK0wVi4rLw=
30,-11,5/quUdVsDJbNBXCnzjEZn1OLHK0=,JHBn8xISn/18zmjbdK4onWvqsjw=
21,-5,/thC792r7dnN0Revfugi9q0mcJI=,nTwz6oouH0mzh7Og7fNqHlykEfU=
22,-9,/thC792r7dnN0Revfugi9q0mcJI=,NDVHcS9tKP0jMqxClAK0wVi4rLw=
27,-5,/thC792r7dnN0Revfugi9q0mcJI=,WJADyG3vn12eyA0XDPVVxvxXv90=
29,-6,5/quUdVsDJbNBXCnzjEZn1OLHK0=,WJADyG3vn12eyA0XDPVVxvxXv90=
23,-9,/thC792r7dnN0Revfugi9q0mcJI=,NDVHcS9tKP0jMqxClAK0wVi4rLw=
18,-5,5/quUdVsDJbNBXCnzjEZn1OLHK0=,nTwz6oouH0mzh7Og7fNqHlykEfU=
17,-5,5/quUdVsDJbNBXCnzjEZn1OLHK0=,nTwz6oouH0mzh7Og7fNqHlykEfU=
23,-6,/thC792r7dnN0Revfugi9q0mcJI=,nTwz6oouH0mzh7Og7fNqHlykEfU=
21,-13,5/quUdVsDJbNBXCnzjEZn1OLHK0=,NDVHcS9tKP0jMqxClAK0wVi4rLw=
23,-10,/thC792r7dnN0Revfugi9q0mcJI=,NDVHcS9tKP0jMqxClAK0wVi4rLw=
22,-10,/thC792r7dnN0Revfugi9q0mcJI=,NDVHcS9tKP0jMqxClAK0wVi4rLw=
27,-11,/thC792r7dnN0Revfugi9q0mcJI=,JHBn8xISn/18zmjbdK4onWvqsjw=
24,-11,/thC792r7dnN0Revfugi9q0mcJI=,JHBn8xISn/18zmjbdK4onWvqsjw=
29,-5,5/quUdVsDJbNBXCnzjEZn1OLHK0=,WJADyG3vn12eyA0XDPVVxvxXv90=
25,-10,/thC792r7dnN0Revfugi9q0mcJI=,JHBn8xISn/18zmjbdK4onWvqsjw=
22,-5,/thC792r7dnN0Revfugi9q0mcJI=,nTwz6oouH0mzh7Og7fNqHlykEfU=
22,-15,5/quUdVsDJbNBXCnzjEZn1OLHK0=,NDVHcS9tKP0jMqxClAK0wVi4rLw=
21,-15,5/quUdVsDJbNBXCnzjEZn1OLHK0=,NDVHcS9tKP0jMqxClAK0wVi4rLw=
22,-6,/thC792r7dnN0Revfugi9q0mcJI=,nTwz6oouH0mzh7Og7fNqHlykEfU=
22,-13,5/quUdVsDJbNBXCnzjEZn1OLHK0=,NDVHcS9tKP0jMqxClAK0wVi4rLw=
26,-11,/thC792r7dnN0Revfugi9q0mcJI=,JHBn8xISn/18zmjbdK4onWvqsjw=
20,-15,5/quUdVsDJbNBXCnzjEZn1OLHK0=,NDVHcS9tKP0jMqxClAK0wVi4rLw=
26,-5,/thC792r7dnN0Revfugi9q0mcJI=,WJADyG3vn12eyA0XDPVVxvxXv90=
21,-9,/thC792r7dnN0Revfugi9q0mcJI=,NDVHcS9tKP0jMqxClAK0wVi4rLw=
19,-15,5/quUdVsDJbNBXCnzjEZn1OLHK0=,NDVHcS9tKP0jMqxClAK0wVi4rLw=
18,-15,5/quUdVsDJbNBXCnzjEZn1OLHK0=,NDVHcS9tKP0jMqxClAK0wVi4rLw=
17,-15,5/quUdVsDJbNBXCnzjEZn1OLHK0=,NDVHcS9tKP0jMqxClAK0wVi4rLw=
30,-5,5/quUdVsDJbNBXCnzjEZn1OLHK0=,WJADyG3vn12eyA0XDPVVxvxXv90=
28,-6,5/quUdVsDJbNBXCnzjEZn1OLHK0=,WJADyG3vn12eyA0XDPVVxvxXv90=
21,-6,/thC792r7dnN0Revfugi9q0mcJI=,nTwz6oouH0mzh7Og7fNqHlykEfU=
26,-10,/thC792r7dnN0Revfugi9q0mcJI=,JHBn8xISn/18zmjbdK4onWvqsjw=
23,-5,/thC792r7dnN0Revfugi9q0mcJI=,nTwz6oouH0mzh7Og7fNqHlykEfU=
20,-9,/thC792r7dnN0Revfugi9q0mcJI=,NDVHcS9tKP0jMqxClAK0wVi4rLw=
24,-12,/thC792r7dnN0Revfugi9q0mcJI=,JHBn8xISn/18zmjbdK4onWvqsjw=
19,-6,5/quUdVsDJbNBXCnzjEZn1OLHK0=,nTwz6oouH0mzh7Og7fNqHlykEfU=
20,-6,/thC792r7dnN0Revfugi9q0mcJI=,nTwz6oouH0mzh7Og7fNqHlykEfU=
19,-9,/thC792r7dnN0Revfugi9q0mcJI=,NDVHcS9tKP0jMqxClAK0wVi4rLw=
23,-13,5/quUdVsDJbNBXCnzjEZn1OLHK0=,NDVHcS9tKP0jMqxClAK0wVi4rLw=
21,-10,/thC792r7dnN0Revfugi9q0mcJI=,NDVHcS9tKP0jMqxClAK0wVi4rLw=
17,-6,5/quUdVsDJbNBXCnzjEZn1OLHK0=,nTwz6oouH0mzh7Og7fNqHlykEfU=
20,-10,/thC792r7dnN0Revfugi9q0mcJI=,NDVHcS9tKP0jMqxClAK0wVi4rLw=
18,-6,5/quUdVsDJbNBXCnzjEZn1OLHK0=,nTwz6oouH0mzh7Og7fNqHlykEfU=
23,-7,/thC792r7dnN0Revfugi9q0mcJI=,nTwz6oouH0mzh7Og7fNqHlykEfU=
28,-8,5/quUdVsDJbNBXCnzjEZn1OLHK0=,WJADyG3vn12eyA0XDPVVxvxXv90=
25,-11,/thC792r7dnN0Revfugi9q0mcJI=,JHBn8xISn/18zmjbdK4onWvqsjw=
27,-10,/thC792r7dnN0Revfugi9q0mcJI=,JHBn8xISn/18zmjbdK4onWvqsjw=
19,-10,/thC792r7dnN0Revfugi9q0mcJI=,NDVHcS9tKP0jMqxClAK0wVi4rLw=
22,-7,/thC792r7dnN0Revfugi9q0mcJI=,nTwz6oouH0mzh7Og7fNqHlykEfU=
24,-8,/thC792r7dnN0Revfugi9q0mcJI=,WJADyG3vn12eyA0XDPVVxvxXv90=
25,-5,/thC792r7dnN0Revfugi9q0mcJI=,WJADyG3vn12eyA0XDPVVxvxXv90=
30,-7,5/quUdVsDJbNBXCnzjEZn1OLHK0=,WJADyG3vn12eyA0XDPVVxvxXv90=
18,-10,/thC792r7dnN0Revfugi9q0mcJI=,NDVHcS9tKP0jMqxClAK0wVi4rLw=
21,-7,/thC792r7dnN0Revfugi9q0mcJI=,nTwz6oouH0mzh7Og7fNqHlykEfU=
24,-10,/thC792r7dnN0Revfugi9q0mcJI=,JHBn8xISn/18zmjbdK4onWvqsjw=
19,-7,5/quUdVsDJbNBXCnzjEZn1OLHK0=,nTwz6oouH0mzh7Og7fNqHlykEfU=
20,-7,/thC792r7dnN0Revfugi9q0mcJI=,nTwz6oouH0mzh7Og7fNqHlykEfU=
24,-13,5/quUdVsDJbNBXCnzjEZn1OLHK0=,JHBn8xISn/18zmjbdK4onWvqsjw=
27,-6,/thC792r7dnN0Revfugi9q0mcJI=,WJADyG3vn12eyA0XDPVVxvxXv90=
30,-12,5/quUdVsDJbNBXCnzjEZn1OLHK0=,JHBn8xISn/18zmjbdK4onWvqsjw=
18,-7,/thC792r7dnN0Revfugi9q0mcJI=,nTwz6oouH0mzh7Og7fNqHlykEfU=
29,-8,5/quUdVsDJbNBXCnzjEZn1OLHK0=,WJADyG3vn12eyA0XDPVVxvxXv90=
28,-10,5/quUdVsDJbNBXCnzjEZn1OLHK0=,JHBn8xISn/18zmjbdK4onWvqsjw=
24,-14,5/quUdVsDJbNBXCnzjEZn1OLHK0=,JHBn8xISn/18zmjbdK4onWvqsjw=
17,-10,/thC792r7dnN0Revfugi9q0mcJI=,NDVHcS9tKP0jMqxClAK0wVi4rLw=
29,-12,/thC792r7dnN0Revfugi9q0mcJI=,JHBn8xISn/18zmjbdK4onWvqsjw=
23,-11,/thC792r7dnN0Revfugi9q0mcJI=,NDVHcS9tKP0jMqxClAK0wVi4rLw=
17,-4,5/quUdVsDJbNBXCnzjEZn1OLHK0=,nTwz6oouH0mzh7Og7fNqHlykEfU=
29,-7,5/quUdVsDJbNBXCnzjEZn1OLHK0=,WJADyG3vn12eyA0XDPVVxvxXv90=
17,-7,/thC792r7dnN0Revfugi9q0mcJI=,nTwz6oouH0mzh7Og7fNqHlykEfU=
17,-12,/thC792r7dnN0Revfugi9q0mcJI=,NDVHcS9tKP0jMqxClAK0wVi4rLw=
23,-2,5/quUdVsDJbNBXCnzjEZn1OLHK0=,nTwz6oouH0mzh7Og7fNqHlykEfU=
21,-11,/thC792r7dnN0Revfugi9q0mcJI=,NDVHcS9tKP0jMqxClAK0wVi4rLw=
22,-11,/thC792r7dnN0Revfugi9q0mcJI=,NDVHcS9tKP0jMqxClAK0wVi4rLw=
22,-2,5/quUdVsDJbNBXCnzjEZn1OLHK0=,nTwz6oouH0mzh7Og7fNqHlykEfU=
20,-11,/thC792r7dnN0Revfugi9q0mcJI=,NDVHcS9tKP0jMqxClAK0wVi4rLw=
29,-10,5/quUdVsDJbNBXCnzjEZn1OLHK0=,JHBn8xISn/18zmjbdK4onWvqsjw=
21,-2,5/quUdVsDJbNBXCnzjEZn1OLHK0=,nTwz6oouH0mzh7Og7fNqHlykEfU=
27,-8,/thC792r7dnN0Revfugi9q0mcJI=,WJADyG3vn12eyA0XDPVVxvxXv90=
24,-4,5/quUdVsDJbNBXCnzjEZn1OLHK0=,WJADyG3vn12eyA0XDPVVxvxXv90=
30,-2,5/quUdVsDJbNBXCnzjEZn1OLHK0=,WJADyG3vn12eyA0XDPVVxvxXv90=
19,-11,/thC792r7dnN0Revfugi9q0mcJI=,NDVHcS9tKP0jMqxClAK0wVi4rLw=
30,-8,5/quUdVsDJbNBXCnzjEZn1OLHK0=,WJADyG3vn12eyA0XDPVVxvxXv90=
20,-2,5/quUdVsDJbNBXCnzjEZn1OLHK0=,nTwz6oouH0mzh7Og7fNqHlykEfU=
18,-11,5/quUdVsDJbNBXCnzjEZn1OLHK0=,NDVHcS9tKP0jMqxClAK0wVi4rLw=
18,-12,5/quUdVsDJbNBXCnzjEZn1OLHK0=,NDVHcS9tKP0jMqxClAK0wVi4rLw=
23,-12,/thC792r7dnN0Revfugi9q0mcJI=,NDVHcS9tKP0jMqxClAK0wVi4rLw=
22,-12,/thC792r7dnN0Revfugi9q0mcJI=,NDVHcS9tKP0jMqxClAK0wVi4rLw=
17,-11,5/quUdVsDJbNBXCnzjEZn1OLHK0=,NDVHcS9tKP0jMqxClAK0wVi4rLw=
18,-9,/thC792r7dnN0Revfugi9q0mcJI=,NDVHcS9tKP0jMqxClAK0wVi4rLw=
21,-12,/thC792r7dnN0Revfugi9q0mcJI=,NDVHcS9tKP0jMqxClAK0wVi4rLw=
24,-15,5/quUdVsDJbNBXCnzjEZn1OLHK0=,JHBn8xISn/18zmjbdK4onWvqsjw=
30,-10,5/quUdVsDJbNBXCnzjEZn1OLHK0=,JHBn8xISn/18zmjbdK4onWvqsjw=
23,-8,/thC792r7dnN0Revfugi9q0mcJI=,nTwz6oouH0mzh7Og7fNqHlykEfU=
24,-6,/thC792r7dnN0Revfugi9q0mcJI=,WJADyG3vn12eyA0XDPVVxvxXv90=
25,-4,5/quUdVsDJbNBXCnzjEZn1OLHK0=,WJADyG3vn12eyA0XDPVVxvxXv90=
28,-12,/thC792r7dnN0Revfugi9q0mcJI=,JHBn8xISn/18zmjbdK4onWvqsjw=
22,-8,/thC792r7dnN0Revfugi9q0mcJI=,nTwz6oouH0mzh7Og7fNqHlykEfU=
17,-9,/thC792r7dnN0Revfugi9q0mcJI=,NDVHcS9tKP0jMqxClAK0wVi4rLw=
29,-2,5/quUdVsDJbNBXCnzjEZn1OLHK0=,WJADyG3vn12eyA0XDPVVxvxXv90=
28,-2,5/quUdVsDJbNBXCnzjEZn1OLHK0=,WJADyG3vn12eyA0XDPVVxvxXv90=
20,-12,/thC792r7dnN0Revfugi9q0mcJI=,NDVHcS9tKP0jMqxClAK0wVi4rLw=
19,-12,5/quUdVsDJbNBXCnzjEZn1OLHK0=,NDVHcS9tKP0jMqxClAK0wVi4rLw=
27,-12,/thC792r7dnN0Revfugi9q0mcJI=,JHBn8xISn/18zmjbdK4onWvqsjw=
25,-15,5/quUdVsDJbNBXCnzjEZn1OLHK0=,JHBn8xISn/18zmjbdK4onWvqsjw=
27,-2,5/quUdVsDJbNBXCnzjEZn1OLHK0=,WJADyG3vn12eyA0XDPVVxvxXv90=
25,-2,5/quUdVsDJbNBXCnzjEZn1OLHK0=,WJADyG3vn12eyA0XDPVVxvxXv90=
26,-2,5/quUdVsDJbNBXCnzjEZn1OLHK0=,WJADyG3vn12eyA0XDPVVxvxXv90=
26,-15,/thC792r7dnN0Revfugi9q0mcJI=,JHBn8xISn/18zmjbdK4onWvqsjw=
24,-7,/thC792r7dnN0Revfugi9q0mcJI=,WJADyG3vn12eyA0XDPVVxvxXv90=
25,-8,/thC792r7dnN0Revfugi9q0mcJI=,WJADyG3vn12eyA0XDPVVxvxXv90=
30,-3,5/quUdVsDJbNBXCnzjEZn1OLHK0=,WJADyG3vn12eyA0XDPVVxvxXv90=
30,-9,5/quUdVsDJbNBXCnzjEZn1OLHK0=,JHBn8xISn/18zmjbdK4onWvqsjw=
27,-15,/thC792r7dnN0Revfugi9q0mcJI=,JHBn8xISn/18zmjbdK4onWvqsjw=
17,-1,5/quUdVsDJbNBXCnzjEZn1OLHK0=,nTwz6oouH0mzh7Og7fNqHlykEfU=
21,-1,5/quUdVsDJbNBXCnzjEZn1OLHK0=,nTwz6oouH0mzh7Og7fNqHlykEfU=
28,-7,5/quUdVsDJbNBXCnzjEZn1OLHK0=,WJADyG3vn12eyA0XDPVVxvxXv90=
28,-15,/thC792r7dnN0Revfugi9q0mcJI=,JHBn8xISn/18zmjbdK4onWvqsjw=
22,-1,/thC792r7dnN0Revfugi9q0mcJI=,nTwz6oouH0mzh7Og7fNqHlykEfU=
20,-1,5/quUdVsDJbNBXCnzjEZn1OLHK0=,nTwz6oouH0mzh7Og7fNqHlykEfU=
19,-1,5/quUdVsDJbNBXCnzjEZn1OLHK0=,nTwz6oouH0mzh7Og7fNqHlykEfU=
26,-12,/thC792r7dnN0Revfugi9q0mcJI=,JHBn8xISn/18zmjbdK4onWvqsjw=
29,-9,5/quUdVsDJbNBXCnzjEZn1OLHK0=,JHBn8xISn/18zmjbdK4onWvqsjw=
29,-15,/thC792r7dnN0Revfugi9q0mcJI=,JHBn8xISn/18zmjbdK4onWvqsjw=
30,-15,/thC792r7dnN0Revfugi9q0mcJI=,JHBn8xISn/18zmjbdK4onWvqsjw=
25,-7,/thC792r7dnN0Revfugi9q0mcJI=,WJADyG3vn12eyA0XDPVVxvxXv90=
18,-4,5/quUdVsDJbNBXCnzjEZn1OLHK0=,nTwz6oouH0mzh7Og7fNqHlykEfU=
21,-8,/thC792r7dnN0Revfugi9q0mcJI=,nTwz6oouH0mzh7Og7fNqHlykEfU=
25,-12,/thC792r7dnN0Revfugi9q0mcJI=,JHBn8xISn/18zmjbdK4onWvqsjw=
19,-2,5/quUdVsDJbNBXCnzjEZn1OLHK0=,nTwz6oouH0mzh7Og7fNqHlykEfU=
29,-3,5/quUdVsDJbNBXCnzjEZn1OLHK0=,WJADyG3vn12eyA0XDPVVxvxXv90=
28,-9,5/quUdVsDJbNBXCnzjEZn1OLHK0=,JHBn8xISn/18zmjbdK4onWvqsjw=
18,-2,5/quUdVsDJbNBXCnzjEZn1OLHK0=,nTwz6oouH0mzh7Og7fNqHlykEfU=
28,-3,5/quUdVsDJbNBXCnzjEZn1OLHK0=,WJADyG3vn12eyA0XDPVVxvxXv90=
17,-2,5/quUdVsDJbNBXCnzjEZn1OLHK0=,nTwz6oouH0mzh7Og7fNqHlykEfU=
27,-9,/thC792r7dnN0Revfugi9q0mcJI=,JHBn8xISn/18zmjbdK4onWvqsjw=
23,-3,5/quUdVsDJbNBXCnzjEZn1OLHK0=,nTwz6oouH0mzh7Og7fNqHlykEfU=
24,-1,5/quUdVsDJbNBXCnzjEZn1OLHK0=,WJADyG3vn12eyA0XDPVVxvxXv90=
18,-1,5/quUdVsDJbNBXCnzjEZn1OLHK0=,nTwz6oouH0mzh7Og7fNqHlykEfU=
25,-14,5/quUdVsDJbNBXCnzjEZn1OLHK0=,JHBn8xISn/18zmjbdK4onWvqsjw=
22,-3,5/quUdVsDJbNBXCnzjEZn1OLHK0=,nTwz6oouH0mzh7Og7fNqHlykEfU=
26,-14,/thC792r7dnN0Revfugi9q0mcJI=,JHBn8xISn/18zmjbdK4onWvqsjw=
25,-6,/thC792r7dnN0Revfugi9q0mcJI=,WJADyG3vn12eyA0XDPVVxvxXv90=
19,-4,5/quUdVsDJbNBXCnzjEZn1OLHK0=,nTwz6oouH0mzh7Og7fNqHlykEfU=
27,-14,/thC792r7dnN0Revfugi9q0mcJI=,JHBn8xISn/18zmjbdK4onWvqsjw=
21,-3,5/quUdVsDJbNBXCnzjEZn1OLHK0=,nTwz6oouH0mzh7Og7fNqHlykEfU=
19,-8,5/quUdVsDJbNBXCnzjEZn1OLHK0=,nTwz6oouH0mzh7Og7fNqHlykEfU=
20,-8,/thC792r7dnN0Revfugi9q0mcJI=,nTwz6oouH0mzh7Og7fNqHlykEfU=
20,-3,5/quUdVsDJbNBXCnzjEZn1OLHK0=,nTwz6oouH0mzh7Og7fNqHlykEfU=
26,-9,/thC792r7dnN0Revfugi9q0mcJI=,JHBn8xISn/18zmjbdK4onWvqsjw=
28,-14,/thC792r7dnN0Revfugi9q0mcJI=,JHBn8xISn/18zmjbdK4onWvqsjw=
25,-9,/thC792r7dnN0Revfugi9q0mcJI=,JHBn8xISn/18zmjbdK4onWvqsjw=
27,-3,5/quUdVsDJbNBXCnzjEZn1OLHK0=,WJADyG3vn12eyA0XDPVVxvxXv90=
18,-8,5/quUdVsDJbNBXCnzjEZn1OLHK0=,nTwz6oouH0mzh7Og7fNqHlykEfU=
26,-3,/thC792r7dnN0Revfugi9q0mcJI=,WJADyG3vn12eyA0XDPVVxvxXv90=
29,-14,/thC792r7dnN0Revfugi9q0mcJI=,JHBn8xISn/18zmjbdK4onWvqsjw=
17,-8,5/quUdVsDJbNBXCnzjEZn1OLHK0=,nTwz6oouH0mzh7Og7fNqHlykEfU=
25,-1,5/quUdVsDJbNBXCnzjEZn1OLHK0=,WJADyG3vn12eyA0XDPVVxvxXv90=
19,-3,5/quUdVsDJbNBXCnzjEZn1OLHK0=,nTwz6oouH0mzh7Og7fNqHlykEfU=
30,-14,/thC792r7dnN0Revfugi9q0mcJI=,JHBn8xISn/18zmjbdK4onWvqsjw=
18,-3,5/quUdVsDJbNBXCnzjEZn1OLHK0=,nTwz6oouH0mzh7Og7fNqHlykEfU=
26,-6,/thC792r7dnN0Revfugi9q0mcJI=,WJADyG3vn12eyA0XDPVVxvxXv90=
25,-3,/thC792r7dnN0Revfugi9q0mcJI=,WJADyG3vn12eyA0XDPVVxvxXv90=
17,-3,5/quUdVsDJbNBXCnzjEZn1OLHK0=,nTwz6oouH0mzh7Og7fNqHlykEfU=
30,-4,5/quUdVsDJbNBXCnzjEZn1OLHK0=,WJADyG3vn12eyA0XDPVVxvxXv90=
29,-4,5/quUdVsDJbNBXCnzjEZn1OLHK0=,WJADyG3vn12eyA0XDPVVxvxXv90=
20,-4,5/quUdVsDJbNBXCnzjEZn1OLHK0=,nTwz6oouH0mzh7Og7fNqHlykEfU=
24,-5,/thC792r7dnN0Revfugi9q0mcJI=,WJADyG3vn12eyA0XDPVVxvxXv90=
23,-4,5/quUdVsDJbNBXCnzjEZn1OLHK0=,nTwz6oouH0mzh7Og7fNqHlykEfU=
27,-7,/thC792r7dnN0Revfugi9q0mcJI=,WJADyG3vn12eyA0XDPVVxvxXv90=
24,-2,5/quUdVsDJbNBXCnzjEZn1OLHK0=,WJADyG3vn12eyA0XDPVVxvxXv90=
22,-4,5/quUdVsDJbNBXCnzjEZn1OLHK0=,nTwz6oouH0mzh7Og7fNqHlykEfU=
25,-13,5/quUdVsDJbNBXCnzjEZn1OLHK0=,JHBn8xISn/18zmjbdK4onWvqsjw=
30,-13,/thC792r7dnN0Revfugi9q0mcJI=,JHBn8xISn/18zmjbdK4onWvqsjw=
28,-13,/thC792r7dnN0Revfugi9q0mcJI=,JHBn8xISn/18zmjbdK4onWvqsjw=
28,-4,5/quUdVsDJbNBXCnzjEZn1OLHK0=,WJADyG3vn12eyA0XDPVVxvxXv90=
26,-1,/thC792r7dnN0Revfugi9q0mcJI=,WJADyG3vn12eyA0XDPVVxvxXv90=
26,-8,/thC792r7dnN0Revfugi9q0mcJI=,WJADyG3vn12eyA0XDPVVxvxXv90=
26,-7,/thC792r7dnN0Revfugi9q0mcJI=,WJADyG3vn12eyA0XDPVVxvxXv90=
29,-13,/thC792r7dnN0Revfugi9q0mcJI=,JHBn8xISn/18zmjbdK4onWvqsjw=
26,-4,5/quUdVsDJbNBXCnzjEZn1OLHK0=,WJADyG3vn12eyA0XDPVVxvxXv90=
27,-13,/thC792r7dnN0Revfugi9q0mcJI=,JHBn8xISn/18zmjbdK4onWvqsjw=
24,-9,/thC792r7dnN0Revfugi9q0mcJI=,JHBn8xISn/18zmjbdK4onWvqsjw=
30,-6,5/quUdVsDJbNBXCnzjEZn1OLHK0=,WJADyG3vn12eyA0XDPVVxvxXv90=
21,-4,5/quUdVsDJbNBXCnzjEZn1OLHK0=,nTwz6oouH0mzh7Og7fNqHlykEfU=
26,-13,5/quUdVsDJbNBXCnzjEZn1OLHK0=,JHBn8xISn/18zmjbdK4onWvqsjw=
24,-3,5/quUdVsDJbNBXCnzjEZn1OLHK0=,WJADyG3vn12eyA0XDPVVxvxXv90=
27,-4,5/quUdVsDJbNBXCnzjEZn1OLHK0=,WJADyG3vn12eyA0XDPVVxvxXv90=
30,-16,/thC792r7dnN0Revfugi9q0mcJI=,JHBn8xISn/18zmjbdK4onWvqsjw=
31,-13,/thC792r7dnN0Revfugi9q0mcJI=,JHBn8xISn/18zmjbdK4onWvqsjw=
29,-16,5/quUdVsDJbNBXCnzjEZn1OLHK0=,JHBn8xISn/18zmjbdK4onWvqsjw=
31,-5,/thC792r7dnN0Revfugi9q0mcJI=,WJADyG3vn12eyA0XDPVVxvxXv90=
28,-16,5/quUdVsDJbNBXCnzjEZn1OLHK0=,JHBn8xISn/18zmjbdK4onWvqsjw=
31,-14,/thC792r7dnN0Revfugi9q0mcJI=,JHBn8xISn/18zmjbdK4onWvqsjw=
30,-1,5/quUdVsDJbNBXCnzjEZn1OLHK0=,WJADyG3vn12eyA0XDPVVxvxXv90=
27,-16,/thC792r7dnN0Revfugi9q0mcJI=,JHBn8xISn/18zmjbdK4onWvqsjw=
31,-11,5/quUdVsDJbNBXCnzjEZn1OLHK0=,JHBn8xISn/18zmjbdK4onWvqsjw=
29,-1,5/quUdVsDJbNBXCnzjEZn1OLHK0=,WJADyG3vn12eyA0XDPVVxvxXv90=
25,-16,5/quUdVsDJbNBXCnzjEZn1OLHK0=,JHBn8xISn/18zmjbdK4onWvqsjw=
26,-16,/thC792r7dnN0Revfugi9q0mcJI=,JHBn8xISn/18zmjbdK4onWvqsjw=
27,-1,/thC792r7dnN0Revfugi9q0mcJI=,WJADyG3vn12eyA0XDPVVxvxXv90=
31,-12,5/quUdVsDJbNBXCnzjEZn1OLHK0=,JHBn8xISn/18zmjbdK4onWvqsjw=
31,-15,5/quUdVsDJbNBXCnzjEZn1OLHK0=,JHBn8xISn/18zmjbdK4onWvqsjw=
28,-1,5/quUdVsDJbNBXCnzjEZn1OLHK0=,WJADyG3vn12eyA0XDPVVxvxXv90=
24,-16,5/quUdVsDJbNBXCnzjEZn1OLHK0=,JHBn8xISn/18zmjbdK4onWvqsjw=
23,-1,/thC792r7dnN0Revfugi9q0mcJI=,nTwz6oouH0mzh7Og7fNqHlykEfU=
31,-2,5/quUdVsDJbNBXCnzjEZn1OLHK0=,WJADyG3vn12eyA0XDPVVxvxXv90=
16,-12,/thC792r7dnN0Revfugi9q0mcJI=,NDVHcS9tKP0jMqxClAK0wVi4rLw=
31,-7,5/quUdVsDJbNBXCnzjEZn1OLHK0=,WJADyG3vn12eyA0XDPVVxvxXv90=
31,-10,5/quUdVsDJbNBXCnzjEZn1OLHK0=,JHBn8xISn/18zmjbdK4onWvqsjw=
31,-6,/thC792r7dnN0Revfugi9q0mcJI=,WJADyG3vn12eyA0XDPVVxvxXv90=
31,-3,5/quUdVsDJbNBXCnzjEZn1OLHK0=,WJADyG3vn12eyA0XDPVVxvxXv90=
31,-8,5/quUdVsDJbNBXCnzjEZn1OLHK0=,WJADyG3vn12eyA0XDPVVxvxXv90=
31,-4,5/quUdVsDJbNBXCnzjEZn1OLHK0=,WJADyG3vn12eyA0XDPVVxvxXv90=
16,-4,/thC792r7dnN0Revfugi9q0mcJI=,nTwz6oouH0mzh7Og7fNqHlykEfU=
31,-1,5/quUdVsDJbNBXCnzjEZn1OLHK0=,WJADyG3vn12eyA0XDPVVxvxXv90=
16,-16,5/quUdVsDJbNBXCnzjEZn1OLHK0=,NDVHcS9tKP0jMqxClAK0wVi4rLw=
23,-16,/thC792r7dnN0Revfugi9q0mcJI=,NDVHcS9tKP0jMqxClAK0wVi4rLw=
17,-16,5/quUdVsDJbNBXCnzjEZn1OLHK0=,NDVHcS9tKP0jMqxClAK0wVi4rLw=
21,-16,5/quUdVsDJbNBXCnzjEZn1OLHK0=,NDVHcS9tKP0jMqxClAK0wVi4rLw=
16,-11,/thC792r7dnN0Revfugi9q0mcJI=,NDVHcS9tKP0jMqxClAK0wVi4rLw=
20,-16,5/quUdVsDJbNBXCnzjEZn1OLHK0=,NDVHcS9tKP0jMqxClAK0wVi4rLw=
31,-9,5/quUdVsDJbNBXCnzjEZn1OLHK0=,JHBn8xISn/18zmjbdK4onWvqsjw=
19,-16,5/quUdVsDJbNBXCnzjEZn1OLHK0=,NDVHcS9tKP0jMqxClAK0wVi4rLw=
31,-16,5/quUdVsDJbNBXCnzjEZn1OLHK0=,JHBn8xISn/18zmjbdK4onWvqsjw=
16,-6,5/quUdVsDJbNBXCnzjEZn1OLHK0=,nTwz6oouH0mzh7Og7fNqHlykEfU=
18,-16,5/quUdVsDJbNBXCnzjEZn1OLHK0=,NDVHcS9tKP0jMqxClAK0wVi4rLw=
16,-3,/thC792r7dnN0Revfugi9q0mcJI=,nTwz6oouH0mzh7Og7fNqHlykEfU=
16,-7,5/quUdVsDJbNBXCnzjEZn1OLHK0=,nTwz6oouH0mzh7Og7fNqHlykEfU=
16,-1,/thC792r7dnN0Revfugi9q0mcJI=,nTwz6oouH0mzh7Og7fNqHlykEfU=
16,-2,/thC792r7dnN0Revfugi9q0mcJI=,nTwz6oouH0mzh7Og7fNqHlykEfU=
16,-5,/thC792r7dnN0Revfugi9q0mcJI=,nTwz6oouH0mzh7Og7fNqHlykEfU=
16,-9,/thC792r7dnN0Revfugi9q0mcJI=,NDVHcS9tKP0jMqxClAK0wVi4rLw=
22,-16,5/quUdVsDJbNBXCnzjEZn1OLHK0=,NDVHcS9tKP0jMqxClAK0wVi4rLw=
16,-15,5/quUdVsDJbNBXCnzjEZn1OLHK0=,NDVHcS9tKP0jMqxClAK0wVi4rLw=
16,-10,/thC792r7dnN0Revfugi9q0mcJI=,NDVHcS9tKP0jMqxClAK0wVi4rLw=
16,-14,5/quUdVsDJbNBXCnzjEZn1OLHK0=,NDVHcS9tKP0jMqxClAK0wVi4rLw=
16,-8,5/quUdVsDJbNBXCnzjEZn1OLHK0=,nTwz6oouH0mzh7Og7fNqHlykEfU=
16,-13,/thC792r7dnN0Revfugi9q0mcJI=,NDVHcS9tKP0jMqxClAK0wVi4rLw=
20,-27,5/quUdVsDJbNBXCnzjEZn1OLHK0=,ltopiM9qf+r4Yb4W83kkACVSKw0=
21,-27,5/quUdVsDJbNBXCnzjEZn1OLHK0=,ltopiM9qf+r4Yb4W83kkACVSKw0=
22,-27,5/quUdVsDJbNBXCnzjEZn1OLHK0=,ltopiM9qf+r4Yb4W83kkACVSKw0=
17,-26,5/quUdVsDJbNBXCnzjEZn1OLHK0=,ltopiM9qf+r4Yb4W83kkACVSKw0=
18,-26,5/quUdVsDJbNBXCnzjEZn1OLHK0=,ltopiM9qf+r4Yb4W83kkACVSKw0=
19,-26,5/quUdVsDJbNBXCnzjEZn1OLHK0=,ltopiM9qf+r4Yb4W83kkACVSKw0=
20,-26,5/quUdVsDJbNBXCnzjEZn1OLHK0=,ltopiM9qf+r4Yb4W83kkACVSKw0=
23,-27,5/quUdVsDJbNBXCnzjEZn1OLHK0=,ltopiM9qf+r4Yb4W83kkACVSKw0=
21,-26,5/quUdVsDJbNBXCnzjEZn1OLHK0=,ltopiM9qf+r4Yb4W83kkACVSKw0=
23,-26,5/quUdVsDJbNBXCnzjEZn1OLHK0=,ltopiM9qf+r4Yb4W83kkACVSKw0=
24,-31,5/quUdVsDJbNBXCnzjEZn1OLHK0=,rNXnWjuQt1a4HfgObstF36hGjf8=
22,-26,5/quUdVsDJbNBXCnzjEZn1OLHK0=,ltopiM9qf+r4Yb4W83kkACVSKw0=
25,-31,5/quUdVsDJbNBXCnzjEZn1OLHK0=,rNXnWjuQt1a4HfgObstF36hGjf8=
19,-27,5/quUdVsDJbNBXCnzjEZn1OLHK0=,ltopiM9qf+r4Yb4W83kkACVSKw0=
17,-31,5/quUdVsDJbNBXCnzjEZn1OLHK0=,ltopiM9qf+r4Yb4W83kkACVSKw0=
26,-31,5/quUdVsDJbNBXCnzjEZn1OLHK0=,rNXnWjuQt1a4HfgObstF36hGjf8=
18,-27,5/quUdVsDJbNBXCnzjEZn1OLHK0=,ltopiM9qf+r4Yb4W83kkACVSKw0=
18,-31,5/quUdVsDJbNBXCnzjEZn1OLHK0=,ltopiM9qf+r4Yb4W83kkACVSKw0=
27,-31,5/quUdVsDJbNBXCnzjEZn1OLHK0=,rNXnWjuQt1a4HfgObstF36hGjf8=
19,-31,5/quUdVsDJbNBXCnzjEZn1OLHK0=,ltopiM9qf+r4Yb4W83kkACVSKw0=
17,-27,5/quUdVsDJbNBXCnzjEZn1OLHK0=,ltopiM9qf+r4Yb4W83kkACVSKw0=
22,-28,5/quUdVsDJbNBXCnzjEZn1OLHK0=,ltopiM9qf+r4Yb4W83kkACVSKw0=
21,-28,5/quUdVsDJbNBXCnzjEZn1OLHK0=,ltopiM9qf+r4Yb4W83kkACVSKw0=
28,-31,5/quUdVsDJbNBXCnzjEZn1OLHK0=,rNXnWjuQt1a4HfgObstF36hGjf8=
20,-31,5/quUdVsDJbNBXCnzjEZn1OLHK0=,ltopiM9qf+r4Yb4W83kkACVSKw0=
23,-28,5/quUdVsDJbNBXCnzjEZn1OLHK0=,ltopiM9qf+r4Yb4W83kkACVSKw0=
20,-28,5/quUdVsDJbNBXCnzjEZn1OLHK0=,ltopiM9qf+r4Yb4W83kkACVSKw0=
19,-28,5/quUdVsDJbNBXCnzjEZn1OLHK0=,ltopiM9qf+r4Yb4W83kkACVSKw0=
29,-18,5/quUdVsDJbNBXCnzjEZn1OLHK0=,Po4sGAV/9sZcuObV4CaI0OnoCdM=
18,-28,5/quUdVsDJbNBXCnzjEZn1OLHK0=,ltopiM9qf+r4Yb4W83kkACVSKw0=
17,-28,5/quUdVsDJbNBXCnzjEZn1OLHK0=,ltopiM9qf+r4Yb4W83kkACVSKw0=
29,-31,5/quUdVsDJbNBXCnzjEZn1OLHK0=,rNXnWjuQt1a4HfgObstF36hGjf8=
21,-31,5/quUdVsDJbNBXCnzjEZn1OLHK0=,ltopiM9qf+r4Yb4W83kkACVSKw0=
30,-31,5/quUdVsDJbNBXCnzjEZn1OLHK0=,rNXnWjuQt1a4HfgObstF36hGjf8=
22,-29,5/quUdVsDJbNBXCnzjEZn1OLHK0=,ltopiM9qf+r4Yb4W83kkACVSKw0=
22,-31,5/quUdVsDJbNBXCnzjEZn1OLHK0=,ltopiM9qf+r4Yb4W83kkACVSKw0=
23,-29,5/quUdVsDJbNBXCnzjEZn1OLHK0=,ltopiM9qf+r4Yb4W83kkACVSKw0=
17,-30,5/quUdVsDJbNBXCnzjEZn1OLHK0=,ltopiM9qf+r4Yb4W83kkACVSKw0=
23,-30,5/quUdVsDJbNBXCnzjEZn1OLHK0=,ltopiM9qf+r4Yb4W83kkACVSKw0=
28,-18,5/quUdVsDJbNBXCnzjEZn1OLHK0=,Po4sGAV/9sZcuObV4CaI0OnoCdM=
20,-21,5/quUdVsDJbNBXCnzjEZn1OLHK0=,fegXAb6pLT9yfkX4wzXPf+sryEI=
18,-30,5/quUdVsDJbNBXCnzjEZn1OLHK0=,ltopiM9qf+r4Yb4W83kkACVSKw0=
24,-26,5/quUdVsDJbNBXCnzjEZn1OLHK0=,rNXnWjuQt1a4HfgObstF36hGjf8=
24,-30,5/quUdVsDJbNBXCnzjEZn1OLHK0=,rNXnWjuQt1a4HfgObstF36hGjf8=
30,-26,5/quUdVsDJbNBXCnzjEZn1OLHK0=,rNXnWjuQt1a4HfgObstF36hGjf8=
19,-30,5/quUdVsDJbNBXCnzjEZn1OLHK0=,ltopiM9qf+r4Yb4W83kkACVSKw0=
21,-29,5/quUdVsDJbNBXCnzjEZn1OLHK0=,ltopiM9qf+r4Yb4W83kkACVSKw0=
25,-30,5/quUdVsDJbNBXCnzjEZn1OLHK0=,rNXnWjuQt1a4HfgObstF36hGjf8=
26,-26,5/quUdVsDJbNBXCnzjEZn1OLHK0=,rNXnWjuQt1a4HfgObstF36hGjf8=
25,-26,5/quUdVsDJbNBXCnzjEZn1OLHK0=,rNXnWjuQt1a4HfgObstF36hGjf8=
18,-29,5/quUdVsDJbNBXCnzjEZn1OLHK0=,ltopiM9qf+r4Yb4W83kkACVSKw0=
19,-29,5/quUdVsDJbNBXCnzjEZn1OLHK0=,ltopiM9qf+r4Yb4W83kkACVSKw0=
17,-29,5/quUdVsDJbNBXCnzjEZn1OLHK0=,ltopiM9qf+r4Yb4W83kkACVSKw0=
23,-31,5/quUdVsDJbNBXCnzjEZn1OLHK0=,ltopiM9qf+r4Yb4W83kkACVSKw0=
29,-27,5/quUdVsDJbNBXCnzjEZn1OLHK0=,rNXnWjuQt1a4HfgObstF36hGjf8=
30,-27,5/quUdVsDJbNBXCnzjEZn1OLHK0=,rNXnWjuQt1a4HfgObstF36hGjf8=
28,-26,5/quUdVsDJbNBXCnzjEZn1OLHK0=,rNXnWjuQt1a4HfgObstF36hGjf8=
28,-25,5/quUdVsDJbNBXCnzjEZn1OLHK0=,rNXnWjuQt1a4HfgObstF36hGjf8=
20,-30,5/quUdVsDJbNBXCnzjEZn1OLHK0=,ltopiM9qf+r4Yb4W83kkACVSKw0=
20,-29,5/quUdVsDJbNBXCnzjEZn1OLHK0=,ltopiM9qf+r4Yb4W83kkACVSKw0=
27,-23,lx4BjV4vQ8pPjGrTVRnslrUwXeo=,Po4sGAV/9sZcuObV4CaI0OnoCdM=
27,-26,5/quUdVsDJbNBXCnzjEZn1OLHK0=,rNXnWjuQt1a4HfgObstF36hGjf8=
26,-30,5/quUdVsDJbNBXCnzjEZn1OLHK0=,rNXnWjuQt1a4HfgObstF36hGjf8=
27,-18,5/quUdVsDJbNBXCnzjEZn1OLHK0=,Po4sGAV/9sZcuObV4CaI0OnoCdM=
24,-20,lx4BjV4vQ8pPjGrTVRnslrUwXeo=,Po4sGAV/9sZcuObV4CaI0OnoCdM=
26,-18,5/quUdVsDJbNBXCnzjEZn1OLHK0=,Po4sGAV/9sZcuObV4CaI0OnoCdM=
30,-28,5/quUdVsDJbNBXCnzjEZn1OLHK0=,rNXnWjuQt1a4HfgObstF36hGjf8=
21,-30,5/quUdVsDJbNBXCnzjEZn1OLHK0=,ltopiM9qf+r4Yb4W83kkACVSKw0=
17,-17,5/quUdVsDJbNBXCnzjEZn1OLHK0=,fegXAb6pLT9yfkX4wzXPf+sryEI=
29,-26,5/quUdVsDJbNBXCnzjEZn1OLHK0=,rNXnWjuQt1a4HfgObstF36hGjf8=
22,-30,5/quUdVsDJbNBXCnzjEZn1OLHK0=,ltopiM9qf+r4Yb4W83kkACVSKw0=
28,-27,lx4BjV4vQ8pPjGrTVRnslrUwXeo=,rNXnWjuQt1a4HfgObstF36hGjf8=
27,-30,5/quUdVsDJbNBXCnzjEZn1OLHK0=,rNXnWjuQt1a4HfgObstF36hGjf8=
29,-19,lx4BjV4vQ8pPjGrTVRnslrUwXeo=,Po4sGAV/9sZcuObV4CaI0OnoCdM=
26,-24,lx4BjV4vQ8pPjGrTVRnslrUwXeo=,Po4sGAV/9sZcuObV4CaI0OnoCdM=
27,-25,5/quUdVsDJbNBXCnzjEZn1OLHK0=,rNXnWjuQt1a4HfgObstF36hGjf8=
25,-18,lx4BjV4vQ8pPjGrTVRnslrUwXeo=,Po4sGAV/9sZcuObV4CaI0OnoCdM=
21,-21,5/quUdVsDJbNBXCnzjEZn1OLHK0=,fegXAb6pLT9yfkX4wzXPf+sryEI=
30,-19,5/quUdVsDJbNBXCnzjEZn1OLHK0=,Po4sGAV/9sZcuObV4CaI0OnoCdM=
22,-17,5/quUdVsDJbNBXCnzjEZn1OLHK0=,fegXAb6pLT9yfkX4wzXPf+sryEI=
26,-27,5/quUdVsDJbNBXCnzjEZn1OLHK0=,rNXnWjuQt1a4HfgObstF36hGjf8=
29,-28,5/quUdVsDJbNBXCnzjEZn1OLHK0=,rNXnWjuQt1a4HfgObstF36hGjf8=
24,-27,5/quUdVsDJbNBXCnzjEZn1OLHK0=,rNXnWjuQt1a4HfgObstF36hGjf8=
25,-22,lx4BjV4vQ8pPjGrTVRnslrUwXeo=,Po4sGAV/9sZcuObV4CaI0OnoCdM=
30,-20,5/quUdVsDJbNBXCnzjEZn1OLHK0=,Po4sGAV/9sZcuObV4CaI0OnoCdM=
30,-18,5/quUdVsDJbNBXCnzjEZn1OLHK0=,Po4sGAV/9sZcuObV4CaI0OnoCdM=
30,-22,5/quUdVsDJbNBXCnzjEZn1OLHK0=,Po4sGAV/9sZcuObV4CaI0OnoCdM=
18,-17,5/quUdVsDJbNBXCnzjEZn1OLHK0=,fegXAb6pLT9yfkX4wzXPf+sryEI=
30,-29,5/quUdVsDJbNBXCnzjEZn1OLHK0=,rNXnWjuQt1a4HfgObstF36hGjf8=
27,-27,5/quUdVsDJbNBXCnzjEZn1OLHK0=,rNXnWjuQt1a4HfgObstF36hGjf8=
28,-19,5/quUdVsDJbNBXCnzjEZn1OLHK0=,Po4sGAV/9sZcuObV4CaI0OnoCdM=
27,-28,5/quUdVsDJbNBXCnzjEZn1OLHK0=,rNXnWjuQt1a4HfgObstF36hGjf8=
25,-28,5/quUdVsDJbNBXCnzjEZn1OLHK0=,rNXnWjuQt1a4HfgObstF36hGjf8=
26,-25,5/quUdVsDJbNBXCnzjEZn1OLHK0=,rNXnWjuQt1a4HfgObstF36hGjf8=
21,-17,5/quUdVsDJbNBXCnzjEZn1OLHK0=,fegXAb6pLT9yfkX4wzXPf+sryEI=
24,-28,5/quUdVsDJbNBXCnzjEZn1OLHK0=,rNXnWjuQt1a4HfgObstF36hGjf8=
25,-21,lx4BjV4vQ8pPjGrTVRnslrUwXeo=,Po4sGAV/9sZcuObV4CaI0OnoCdM=
28,-30,5/quUdVsDJbNBXCnzjEZn1OLHK0=,rNXnWjuQt1a4HfgObstF36hGjf8=
27,-24,lx4BjV4vQ8pPjGrTVRnslrUwXeo=,Po4sGAV/9sZcuObV4CaI0OnoCdM=
29,-20,5/quUdVsDJbNBXCnzjEZn1OLHK0=,Po4sGAV/9sZcuObV4CaI0OnoCdM=
19,-17,5/quUdVsDJbNBXCnzjEZn1OLHK0=,fegXAb6pLT9yfkX4wzXPf+sryEI=
27,-20,lx4BjV4vQ8pPjGrTVRnslrUwXeo=,Po4sGAV/9sZcuObV4CaI0OnoCdM=
28,-20,5/quUdVsDJbNBXCnzjEZn1OLHK0=,Po4sGAV/9sZcuObV4CaI0OnoCdM=
24,-19,5/quUdVsDJbNBXCnzjEZn1OLHK0=,Po4sGAV/9sZcuObV4CaI0OnoCdM=
25,-27,5/quUdVsDJbNBXCnzjEZn1OLHK0=,rNXnWjuQt1a4HfgObstF36hGjf8=
25,-23,lx4BjV4vQ8pPjGrTVRnslrUwXeo=,Po4sGAV/9sZcuObV4CaI0OnoCdM=
25,-25,5/quUdVsDJbNBXCnzjEZn1OLHK0=,rNXnWjuQt1a4HfgObstF36hGjf8=
26,-28,5/quUdVsDJbNBXCnzjEZn1OLHK0=,rNXnWjuQt1a4HfgObstF36hGjf8=
29,-25,5/quUdVsDJbNBXCnzjEZn1OLHK0=,rNXnWjuQt1a4HfgObstF36hGjf8=
30,-24,5/quUdVsDJbNBXCnzjEZn1OLHK0=,Po4sGAV/9sZcuObV4CaI0OnoCdM=
28,-28,5/quUdVsDJbNBXCnzjEZn1OLHK0=,rNXnWjuQt1a4HfgObstF36hGjf8=
27,-19,5/quUdVsDJbNBXCnzjEZn1OLHK0=,Po4sGAV/9sZcuObV4CaI0OnoCdM=
28,-17,5/quUdVsDJbNBXCnzjEZn1OLHK0=,Po4sGAV/9sZcuObV4CaI0OnoCdM=
20,-17,lx4BjV4vQ8pPjGrTVRnslrUwXeo=,fegXAb6pLT9yfkX4wzXPf+sryEI=
30,-23,lx4BjV4vQ8pPjGrTVRnslrUwXeo=,Po4sGAV/9sZcuObV4CaI0OnoCdM=
30,-21,5/quUdVsDJbNBXCnzjEZn1OLHK0=,Po4sGAV/9sZcuObV4CaI0OnoCdM=
26,-23,lx4BjV4vQ8pPjGrTVRnslrUwXeo=,Po4sGAV/9sZcuObV4CaI0OnoCdM=
27,-29,5/quUdVsDJbNBXCnzjEZn1OLHK0=,rNXnWjuQt1a4HfgObstF36hGjf8=
29,-29,5/quUdVsDJbNBXCnzjEZn1OLHK0=,rNXnWjuQt1a4HfgObstF36hGjf8=
26,-19,5/quUdVsDJbNBXCnzjEZn1OLHK0=,Po4sGAV/9sZcuObV4CaI0OnoCdM=
28,-29,5/quUdVsDJbNBXCnzjEZn1OLHK0=,rNXnWjuQt1a4HfgObstF36hGjf8=
22,-21,5/quUdVsDJbNBXCnzjEZn1OLHK0=,fegXAb6pLT9yfkX4wzXPf+sryEI=
26,-20,lx4BjV4vQ8pPjGrTVRnslrUwXeo=,Po4sGAV/9sZcuObV4CaI0OnoCdM=
26,-22,lx4BjV4vQ8pPjGrTVRnslrUwXeo=,Po4sGAV/9sZcuObV4CaI0OnoCdM=
23,-17,5/quUdVsDJbNBXCnzjEZn1OLHK0=,fegXAb6pLT9yfkX4wzXPf+sryEI=
27,-21,lx4BjV4vQ8pPjGrTVRnslrUwXeo=,Po4sGAV/9sZcuObV4CaI0OnoCdM=
25,-19,lx4BjV4vQ8pPjGrTVRnslrUwXeo=,Po4sGAV/9sZcuObV4CaI0OnoCdM=
26,-29,5/quUdVsDJbNBXCnzjEZn1OLHK0=,rNXnWjuQt1a4HfgObstF36hGjf8=
29,-24,5/quUdVsDJbNBXCnzjEZn1OLHK0=,Po4sGAV/9sZcuObV4CaI0OnoCdM=
31,-31,5/quUdVsDJbNBXCnzjEZn1OLHK0=,rNXnWjuQt1a4HfgObstF36hGjf8=
30,-30,5/quUdVsDJbNBXCnzjEZn1OLHK0=,rNXnWjuQt1a4HfgObstF36hGjf8=
27,-22,lx4BjV4vQ8pPjGrTVRnslrUwXeo=,Po4sGAV/9sZcuObV4CaI0OnoCdM=
26,-21,lx4BjV4vQ8pPjGrTVRnslrUwXeo=,Po4sGAV/9sZcuObV4CaI0OnoCdM=
25,-24,lx4BjV4vQ8pPjGrTVRnslrUwXeo=,Po4sGAV/9sZcuObV4CaI0OnoCdM=
29,-22,5/quUdVsDJbNBXCnzjEZn1OLHK0=,Po4sGAV/9sZcuObV4CaI0OnoCdM=
28,-22,lx4BjV4vQ8pPjGrTVRnslrUwXeo=,Po4sGAV/9sZcuObV4CaI0OnoCdM=
31,-30,5/quUdVsDJbNBXCnzjEZn1OLHK0=,rNXnWjuQt1a4HfgObstF36hGjf8=
25,-32,5/quUdVsDJbNBXCnzjEZn1OLHK0=,rNXnWjuQt1a4HfgObstF36hGjf8=
18,-21,5/quUdVsDJbNBXCnzjEZn1OLHK0=,fegXAb6pLT9yfkX4wzXPf+sryEI=
29,-30,5/quUdVsDJbNBXCnzjEZn1OLHK0=,rNXnWjuQt1a4HfgObstF36hGjf8=
25,-29,5/quUdVsDJbNBXCnzjEZn1OLHK0=,rNXnWjuQt1a4HfgObstF36hGjf8=
25,-20,lx4BjV4vQ8pPjGrTVRnslrUwXeo=,Po4sGAV/9sZcuObV4CaI0OnoCdM=
27,-17,5/quUdVsDJbNBXCnzjEZn1OLHK0=,Po4sGAV/9sZcuObV4CaI0OnoCdM=
26,-17,5/quUdVsDJbNBXCnzjEZn1OLHK0=,Po4sGAV/9sZcuObV4CaI0OnoCdM=
30,-17,lx4BjV4vQ8pPjGrTVRnslrUwXeo=,Po4sGAV/9sZcuObV4CaI0OnoCdM=
19,-21,5/quUdVsDJbNBXCnzjEZn1OLHK0=,fegXAb6pLT9yfkX4wzXPf+sryEI=
28,-21,lx4BjV4vQ8pPjGrTVRnslrUwXeo=,Po4sGAV/9sZcuObV4CaI0OnoCdM=
28,-24,lx4BjV4vQ8pPjGrTVRnslrUwXeo=,Po4sGAV/9sZcuObV4CaI0OnoCdM=
24,-29,5/quUdVsDJbNBXCnzjEZn1OLHK0=,rNXnWjuQt1a4HfgObstF36hGjf8=
17,-21,5/quUdVsDJbNBXCnzjEZn1OLHK0=,fegXAb6pLT9yfkX4wzXPf+sryEI=
30,-25,lx4BjV4vQ8pPjGrTVRnslrUwXeo=,rNXnWjuQt1a4HfgObstF36hGjf8=
31,-25,5/quUdVsDJbNBXCnzjEZn1OLHK0=,rNXnWjuQt1a4HfgObstF36hGjf8=
23,-21,lx4BjV4vQ8pPjGrTVRnslrUwXeo=,fegXAb6pLT9yfkX4wzXPf+sryEI=
31,-29,5/quUdVsDJbNBXCnzjEZn1OLHK0=,rNXnWjuQt1a4HfgObstF36hGjf8=
29,-21,lx4BjV4vQ8pPjGrTVRnslrUwXeo=,Po4sGAV/9sZcuObV4CaI0OnoCdM=
26,-32,5/quUdVsDJbNBXCnzjEZn1OLHK0=,rNXnWjuQt1a4HfgObstF36hGjf8=
29,-17,lx4BjV4vQ8pPjGrTVRnslrUwXeo=,Po4sGAV/9sZcuObV4CaI0OnoCdM=
30,-32,5/quUdVsDJbNBXCnzjEZn1OLHK0=,rNXnWjuQt1a4HfgObstF36hGjf8=
24,-17,5/quUdVsDJbNBXCnzjEZn1OLHK0=,Po4sGAV/9sZcuObV4CaI0OnoCdM=
25,-17,5/quUdVsDJbNBXCnzjEZn1OLHK0=,Po4sGAV/9sZcuObV4CaI0OnoCdM=
29,-32,5/quUdVsDJbNBXCnzjEZn1OLHK0=,rNXnWjuQt1a4HfgObstF36hGjf8=
27,-32,5/quUdVsDJbNBXCnzjEZn1OLHK0=,rNXnWjuQt1a4HfgObstF36hGjf8=
16,-26,5/quUdVsDJbNBXCnzjEZn1OLHK0=,ltopiM9qf+r4Yb4W83kkACVSKw0=
31,-27,lx4BjV4vQ8pPjGrTVRnslrUwXeo=,rNXnWjuQt1a4HfgObstF36hGjf8=
22,-18,5/quUdVsDJbNBXCnzjEZn1OLHK0=,fegXAb6pLT9yfkX4wzXPf+sryEI=
23,-22,lx4BjV4vQ8pPjGrTVRnslrUwXeo=,fegXAb6pLT9yfkX4wzXPf+sryEI=
24,-25,5/quUdVsDJbNBXCnzjEZn1OLHK0=,rNXnWjuQt1a4HfgObstF36hGjf8=
19,-18,lx4BjV4vQ8pPjGrTVRnslrUwXeo=,fegXAb6pLT9yfkX4wzXPf+sryEI=
31,-26,lx4BjV4vQ8pPjGrTVRnslrUwXeo=,rNXnWjuQt1a4HfgObstF36hGjf8=
28,-23,lx4BjV4vQ8pPjGrTVRnslrUwXeo=,Po4sGAV/9sZcuObV4CaI0OnoCdM=
31,-28,5/quUdVsDJbNBXCnzjEZn1OLHK0=,rNXnWjuQt1a4HfgObstF36hGjf8=
31,-20,lx4BjV4vQ8pPjGrTVRnslrUwXeo=,Po4sGAV/9sZcuObV4CaI0OnoCdM=
17,-25,5/quUdVsDJbNBXCnzjEZn1OLHK0=,ltopiM9qf+r4Yb4W83kkACVSKw0=
16,-25,5/quUdVsDJbNBXCnzjEZn1OLHK0=,ltopiM9qf+r4Yb4W83kkACVSKw0=
31,-18,lx4BjV4vQ8pPjGrTVRnslrUwXeo=,Po4sGAV/9sZcuObV4CaI0OnoCdM=
23,-18,lx4BjV4vQ8pPjGrTVRnslrUwXeo=,fegXAb6pLT9yfkX4wzXPf+sryEI=
24,-32,5/quUdVsDJbNBXCnzjEZn1OLHK0=,rNXnWjuQt1a4HfgObstF36hGjf8=
20,-18,5/quUdVsDJbNBXCnzjEZn1OLHK0=,fegXAb6pLT9yfkX4wzXPf+sryEI=
16,-31,5/quUdVsDJbNBXCnzjEZn1OLHK0=,ltopiM9qf+r4Yb4W83kkACVSKw0=
21,-18,5/quUdVsDJbNBXCnzjEZn1OLHK0=,fegXAb6pLT9yfkX4wzXPf+sryEI=
31,-19,lx4BjV4vQ8pPjGrTVRnslrUwXeo=,Po4sGAV/9sZcuObV4CaI0OnoCdM=
16,-30,5/quUdVsDJbNBXCnzjEZn1OLHK0=,ltopiM9qf+r4Yb4W83kkACVSKw0=
18,-18,lx4BjV4vQ8pPjGrTVRnslrUwXeo=,fegXAb6pLT9yfkX4wzXPf+sryEI=
16,-32,5/quUdVsDJbNBXCnzjEZn1OLHK0=,ltopiM9qf+r4Yb4W83kkACVSKw0=
31,-32,5/quUdVsDJbNBXCnzjEZn1OLHK0=,rNXnWjuQt1a4HfgObstF36hGjf8=
23,-32,5/quUdVsDJbNBXCnzjEZn1OLHK0=,ltopiM9qf+r4Yb4W83kkACVSKw0=
16,-23,5/quUdVsDJbNBXCnzjEZn1OLHK0=,fegXAb6pLT9yfkX4wzXPf+sryEI=
31,-22,lx4BjV4vQ8pPjGrTVRnslrUwXeo=,Po4sGAV/9sZcuObV4CaI0OnoCdM=
16,-20,5/quUdVsDJbNBXCnzjEZn1OLHK0=,fegXAb6pLT9yfkX4wzXPf+sryEI=
16,-22,5/quUdVsDJbNBXCnzjEZn1OLHK0=,fegXAb6pLT9yfkX4wzXPf+sryEI=
23,-19,lx4BjV4vQ8pPjGrTVRnslrUwXeo=,fegXAb6pLT9yfkX4wzXPf+sryEI=
19,-32,5/quUdVsDJbNBXCnzjEZn1OLHK0=,ltopiM9qf+r4Yb4W83kkACVSKw0=
17,-18,lx4BjV4vQ8pPjGrTVRnslrUwXeo=,fegXAb6pLT9yfkX4wzXPf+sryEI=
17,-32,5/quUdVsDJbNBXCnzjEZn1OLHK0=,ltopiM9qf+r4Yb4W83kkACVSKw0=
16,-17,5/quUdVsDJbNBXCnzjEZn1OLHK0=,fegXAb6pLT9yfkX4wzXPf+sryEI=
16,-19,5/quUdVsDJbNBXCnzjEZn1OLHK0=,fegXAb6pLT9yfkX4wzXPf+sryEI=
31,-21,5/quUdVsDJbNBXCnzjEZn1OLHK0=,Po4sGAV/9sZcuObV4CaI0OnoCdM=
16,-24,5/quUdVsDJbNBXCnzjEZn1OLHK0=,fegXAb6pLT9yfkX4wzXPf+sryEI=
21,-32,5/quUdVsDJbNBXCnzjEZn1OLHK0=,ltopiM9qf+r4Yb4W83kkACVSKw0=
20,-22,5/quUdVsDJbNBXCnzjEZn1OLHK0=,fegXAb6pLT9yfkX4wzXPf+sryEI=
22,-19,5/quUdVsDJbNBXCnzjEZn1OLHK0=,fegXAb6pLT9yfkX4wzXPf+sryEI=
21,-22,5/quUdVsDJbNBXCnzjEZn1OLHK0=,fegXAb6pLT9yfkX4wzXPf+sryEI=
22,-32,5/quUdVsDJbNBXCnzjEZn1OLHK0=,ltopiM9qf+r4Yb4W83kkACVSKw0=
24,-22,lx4BjV4vQ8pPjGrTVRnslrUwXeo=,Po4sGAV/9sZcuObV4CaI0OnoCdM=
20,-32,5/quUdVsDJbNBXCnzjEZn1OLHK0=,ltopiM9qf+r4Yb4W83kkACVSKw0=
31,-24,lx4BjV4vQ8pPjGrTVRnslrUwXeo=,Po4sGAV/9sZcuObV4CaI0OnoCdM=
18,-32,5/quUdVsDJbNBXCnzjEZn1OLHK0=,ltopiM9qf+r4Yb4W83kkACVSKw0=
16,-21,5/quUdVsDJbNBXCnzjEZn1OLHK0=,fegXAb6pLT9yfkX4wzXPf+sryEI=
17,-20,5/quUdVsDJbNBXCnzjEZn1OLHK0=,fegXAb6pLT9yfkX4wzXPf+sryEI=
22,-22,5/quUdVsDJbNBXCnzjEZn1OLHK0=,fegXAb6pLT9yfkX4wzXPf+sryEI=
31,-23,5/quUdVsDJbNBXCnzjEZn1OLHK0=,Po4sGAV/9sZcuObV4CaI0OnoCdM=
24,-18,lx4BjV4vQ8pPjGrTVRnslrUwXeo=,Po4sGAV/9sZcuObV4CaI0OnoCdM=
21,-23,5/quUdVsDJbNBXCnzjEZn1OLHK0=,fegXAb6pLT9yfkX4wzXPf+sryEI=
31,-17,lx4BjV4vQ8pPjGrTVRnslrUwXeo=,Po4sGAV/9sZcuObV4CaI0OnoCdM=
17,-22,lx4BjV4vQ8pPjGrTVRnslrUwXeo=,fegXAb6pLT9yfkX4wzXPf+sryEI=
24,-23,lx4BjV4vQ8pPjGrTVRnslrUwXeo=,Po4sGAV/9sZcuObV4CaI0OnoCdM=
20,-23,5/quUdVsDJbNBXCnzjEZn1OLHK0=,fegXAb6pLT9yfkX4wzXPf+sryEI=
22,-23,5/quUdVsDJbNBXCnzjEZn1OLHK0=,fegXAb6pLT9yfkX4wzXPf+sryEI=
18,-22,lx4BjV4vQ8pPjGrTVRnslrUwXeo=,fegXAb6pLT9yfkX4wzXPf+sryEI=
18,-25,5/quUdVsDJbNBXCnzjEZn1OLHK0=,ltopiM9qf+r4Yb4W83kkACVSKw0=
23,-23,lx4BjV4vQ8pPjGrTVRnslrUwXeo=,fegXAb6pLT9yfkX4wzXPf+sryEI=
19,-20,5/quUdVsDJbNBXCnzjEZn1OLHK0=,fegXAb6pLT9yfkX4wzXPf+sryEI=
16,-18,5/quUdVsDJbNBXCnzjEZn1OLHK0=,fegXAb6pLT9yfkX4wzXPf+sryEI=
17,-23,5/quUdVsDJbNBXCnzjEZn1OLHK0=,fegXAb6pLT9yfkX4wzXPf+sryEI=
23,-24,lx4BjV4vQ8pPjGrTVRnslrUwXeo=,fegXAb6pLT9yfkX4wzXPf+sryEI=
24,-21,lx4BjV4vQ8pPjGrTVRnslrUwXeo=,Po4sGAV/9sZcuObV4CaI0OnoCdM=
21,-19,5/quUdVsDJbNBXCnzjEZn1OLHK0=,fegXAb6pLT9yfkX4wzXPf+sryEI=
22,-24,5/quUdVsDJbNBXCnzjEZn1OLHK0=,fegXAb6pLT9yfkX4wzXPf+sryEI=
19,-23,5/quUdVsDJbNBXCnzjEZn1OLHK0=,fegXAb6pLT9yfkX4wzXPf+sryEI=
18,-23,5/quUdVsDJbNBXCnzjEZn1OLHK0=,fegXAb6pLT9yfkX4wzXPf+sryEI=
23,-20,lx4BjV4vQ8pPjGrTVRnslrUwXeo=,fegXAb6pLT9yfkX4wzXPf+sryEI=
19,-24,5/quUdVsDJbNBXCnzjEZn1OLHK0=,fegXAb6pLT9yfkX4wzXPf+sryEI=
17,-24,5/quUdVsDJbNBXCnzjEZn1OLHK0=,fegXAb6pLT9yfkX4wzXPf+sryEI=
22,-20,5/quUdVsDJbNBXCnzjEZn1OLHK0=,fegXAb6pLT9yfkX4wzXPf+sryEI=
20,-19,5/quUdVsDJbNBXCnzjEZn1OLHK0=,fegXAb6pLT9yfkX4wzXPf+sryEI=
21,-20,5/quUdVsDJbNBXCnzjEZn1OLHK0=,fegXAb6pLT9yfkX4wzXPf+sryEI=
20,-24,5/quUdVsDJbNBXCnzjEZn1OLHK0=,fegXAb6pLT9yfkX4wzXPf+sryEI=
18,-24,5/quUdVsDJbNBXCnzjEZn1OLHK0=,fegXAb6pLT9yfkX4wzXPf+sryEI=
21,-25,5/quUdVsDJbNBXCnzjEZn1OLHK0=,ltopiM9qf+r4Yb4W83kkACVSKw0=
16,-27,5/quUdVsDJbNBXCnzjEZn1OLHK0=,ltopiM9qf+r4Yb4W83kkACVSKw0=
21,-24,5/quUdVsDJbNBXCnzjEZn1OLHK0=,fegXAb6pLT9yfkX4wzXPf+sryEI=
16,-29,5/quUdVsDJbNBXCnzjEZn1OLHK0=,ltopiM9qf+r4Yb4W83kkACVSKw0=
28,-32,5/quUdVsDJbNBXCnzjEZn1OLHK0=,rNXnWjuQt1a4HfgObstF36hGjf8=
17,-19,lx4BjV4vQ8pPjGrTVRnslrUwXeo=,fegXAb6pLT9yfkX4wzXPf+sryEI=
16,-28,5/quUdVsDJbNBXCnzjEZn1OLHK0=,ltopiM9qf+r4Yb4W83kkACVSKw0=
18,-20,5/quUdVsDJbNBXCnzjEZn1OLHK0=,fegXAb6pLT9yfkX4wzXPf+sryEI=
23,-25,5/quUdVsDJbNBXCnzjEZn1OLHK0=,ltopiM9qf+r4Yb4W83kkACVSKw0=
20,-25,5/quUdVsDJbNBXCnzjEZn1OLHK0=,ltopiM9qf+r4Yb4W83kkACVSKw0=
18,-19,lx4BjV4vQ8pPjGrTVRnslrUwXeo=,fegXAb6pLT9yfkX4wzXPf+sryEI=
19,-25,5/quUdVsDJbNBXCnzjEZn1OLHK0=,ltopiM9qf+r4Yb4W83kkACVSKw0=
19,-19,lx4BjV4vQ8pPjGrTVRnslrUwXeo=,fegXAb6pLT9yfkX4wzXPf+sryEI=
19,-22,lx4BjV4vQ8pPjGrTVRnslrUwXeo=,fegXAb6pLT9yfkX4wzXPf+sryEI=
20,-20,5/quUdVsDJbNBXCnzjEZn1OLHK0=,fegXAb6pLT9yfkX4wzXPf+sryEI=
22,-25,5/quUdVsDJbNBXCnzjEZn1OLHK0=,ltopiM9qf+r4Yb4W83kkACVSKw0=
24,-24,lx4BjV4vQ8pPjGrTVRnslrUwXeo=,Po4sGAV/9sZcuObV4CaI0OnoCdM=
29,-23,lx4BjV4vQ8pPjGrTVRnslrUwXeo=,Po4sGAV/9sZcuObV4CaI0OnoCdM=
10,-29,U5TE0a9rJI+nQi5ACINqwy1aVtk=,UCSZzRWzbq7o9kwH6nXcL8KV2p4=
15,-31,U5TE0a9rJI+nQi5ACINqwy1aVtk=,UCSZzRWzbq7o9kwH6nXcL8KV2p4=
14,-31,U5TE0a9rJI+nQi5ACINqwy1aVtk=,UCSZzRWzbq7o9kwH6nXcL8KV2p4=
15,-30,U5TE0a9rJI+nQi5ACINqwy1aVtk=,UCSZzRWzbq7o9kwH6nXcL8KV2p4=
9,-30,U5TE0a9rJI+nQi5ACINqwy1aVtk=,UCSZzRWzbq7o9kwH6nXcL8KV2p4=
13,-31,U5TE0a9rJI+nQi5ACINqwy1aVtk=,UCSZzRWzbq7o9kwH6nXcL8KV2p4=
9,-29,U5TE0a9rJI+nQi5ACINqwy1aVtk=,UCSZzRWzbq7o9kwH6nXcL8KV2p4=
8,-30,U5TE0a9rJI+nQi5ACINqwy1aVtk=,UCSZzRWzbq7o9kwH6nXcL8KV2p4=
14,-30,U5TE0a9rJI+nQi5ACINqwy1aVtk=,UCSZzRWzbq7o9kwH6nXcL8KV2p4=
12,-30,U5TE0a9rJI+nQi5ACINqwy1aVtk=,UCSZzRWzbq7o9kwH6nXcL8KV2p4=
11,-30,U5TE0a9rJI+nQi5ACINqwy1aVtk=,UCSZzRWzbq7o9kwH6nXcL8KV2p4=
8,-29,U5TE0a9rJI+nQi5ACINqwy1aVtk=,UCSZzRWzbq7o9kwH6nXcL8KV2p4=
13,-30,U5TE0a9rJI+nQi5ACINqwy1aVtk=,UCSZzRWzbq7o9kwH6nXcL8KV2p4=
12,-31,U5TE0a9rJI+nQi5ACINqwy1aVtk=,UCSZzRWzbq7o9kwH6nXcL8KV2p4=
10,-30,U5TE0a9rJI+nQi5ACINqwy1aVtk=,UCSZzRWzbq7o9kwH6nXcL8KV2p4=
11,-29,U5TE0a9rJI+nQi5ACINqwy1aVtk=,UCSZzRWzbq7o9kwH6nXcL8KV2p4=
11,-31,U5TE0a9rJI+nQi5ACINqwy1aVtk=,UCSZzRWzbq7o9kwH6nXcL8KV2p4=
10,-31,U5TE0a9rJI+nQi5ACINqwy1aVtk=,UCSZzRWzbq7o9kwH6nXcL8KV2p4=
14,-26,U5TE0a9rJI+nQi5ACINqwy1aVtk=,UCSZzRWzbq7o9kwH6nXcL8KV2p4=
15,-26,U5TE0a9rJI+nQi5ACINqwy1aVtk=,UCSZzRWzbq7o9kwH6nXcL8KV2p4=
9,-31,U5TE0a9rJI+nQi5ACINqwy1aVtk=,UCSZzRWzbq7o9kwH6nXcL8KV2p4=
8,-31,U5TE0a9rJI+nQi5ACINqwy1aVtk=,UCSZzRWzbq7o9kwH6nXcL8KV2p4=
12,-26,U5TE0a9rJI+nQi5ACINqwy1aVtk=,UCSZzRWzbq7o9kwH6nXcL8KV2p4=
12,-29,U5TE0a9rJI+nQi5ACINqwy1aVtk=,UCSZzRWzbq7o9kwH6nXcL8KV2p4=
13,-26,U5TE0a9rJI+nQi5ACINqwy1aVtk=,UCSZzRWzbq7o9kwH6nXcL8KV2p4=
11,-26,U5TE0a9rJI+nQi5ACINqwy1aVtk=,UCSZzRWzbq7o9kwH6nXcL8KV2p4=
15,-32,U5TE0a9rJI+nQi5ACINqwy1aVtk=,UCSZzRWzbq7o9kwH6nXcL8KV2p4=
10,-26,U5TE0a9rJI+nQi5ACINqwy1aVtk=,UCSZzRWzbq7o9kwH6nXcL8KV2p4=
13,-29,U5TE0a9rJI+nQi5ACINqwy1aVtk=,UCSZzRWzbq7o9kwH6nXcL8KV2p4=
8,-26,U5TE0a9rJI+nQi5ACINqwy1aVtk=,UCSZzRWzbq7o9kwH6nXcL8KV2p4=
9,-26,U5TE0a9rJI+nQi5ACINqwy1aVtk=,UCSZzRWzbq7o9kwH6nXcL8KV2p4=
13,-32,U5TE0a9rJI+nQi5ACINqwy1aVtk=,UCSZzRWzbq7o9kwH6nXcL8KV2p4=
14,-32,U5TE0a9rJI+nQi5ACINqwy1aVtk=,UCSZzRWzbq7o9kwH6nXcL8KV2p4=
15,-27,U5TE0a9rJI+nQi5ACINqwy1aVtk=,UCSZzRWzbq7o9kwH6nXcL8KV2p4=
9,-27,U5TE0a9rJI+nQi5ACINqwy1aVtk=,UCSZzRWzbq7o9kwH6nXcL8KV2p4=
14,-29,U5TE0a9rJI+nQi5ACINqwy1aVtk=,UCSZzRWzbq7o9kwH6nXcL8KV2p4=
12,-32,U5TE0a9rJI+nQi5ACINqwy1aVtk=,UCSZzRWzbq7o9kwH6nXcL8KV2p4=
9,-32,U5TE0a9rJI+nQi5ACINqwy1aVtk=,UCSZzRWzbq7o9kwH6nXcL8KV2p4=
8,-27,U5TE0a9rJI+nQi5ACINqwy1aVtk=,UCSZzRWzbq7o9kwH6nXcL8KV2p4=
10,-32,U5TE0a9rJI+nQi5ACINqwy1aVtk=,UCSZzRWzbq7o9kwH6nXcL8KV2p4=
12,-19,U5TE0a9rJI+nQi5ACINqwy1aVtk=,vYAOBOaUl41z3+6Ag2uE5STBlwY=
13,-27,U5TE0a9rJI+nQi5ACINqwy1aVtk=,UCSZzRWzbq7o9kwH6nXcL8KV2p4=
11,-32,U5TE0a9rJI+nQi5ACINqwy1aVtk=,UCSZzRWzbq7o9kwH6nXcL8KV2p4=
8,-32,U5TE0a9rJI+nQi5ACINqwy1aVtk=,UCSZzRWzbq7o9kwH6nXcL8KV2p4=
12,-27,U5TE0a9rJI+nQi5ACINqwy1aVtk=,UCSZzRWzbq7o9kwH6nXcL8KV2p4=
11,-27,U5TE0a9rJI+nQi5ACINqwy1aVtk=,UCSZzRWzbq7o9kwH6nXcL8KV2p4=
14,-27,U5TE0a9rJI+nQi5ACINqwy1aVtk=,UCSZzRWzbq7o9kwH6nXcL8KV2p4=
10,-27,U5TE0a9rJI+nQi5ACINqwy1aVtk=,UCSZzRWzbq7o9kwH6nXcL8KV2p4=
15,-28,U5TE0a9rJI+nQi5ACINqwy1aVtk=,UCSZzRWzbq7o9kwH6nXcL8KV2p4=
11,-19,U5TE0a9rJI+nQi5ACINqwy1aVtk=,vYAOBOaUl41z3+6Ag2uE5STBlwY=
9,-28,U5TE0a9rJI+nQi5ACINqwy1aVtk=,UCSZzRWzbq7o9kwH6nXcL8KV2p4=
8,-28,U5TE0a9rJI+nQi5ACINqwy1aVtk=,UCSZzRWzbq7o9kwH6nXcL8KV2p4=
8,-22,U5TE0a9rJI+nQi5ACINqwy1aVtk=,vYAOBOaUl41z3+6Ag2uE5STBlwY=
14,-28,U5TE0a9rJI+nQi5ACINqwy1aVtk=,UCSZzRWzbq7o9kwH6nXcL8KV2p4=
15,-29,U5TE0a9rJI+nQi5ACINqwy1aVtk=,UCSZzRWzbq7o9kwH6nXcL8KV2p4=
13,-28,U5TE0a9rJI+nQi5ACINqwy1aVtk=,UCSZzRWzbq7o9kwH6nXcL8KV2p4=
11,-24,U5TE0a9rJI+nQi5ACINqwy1aVtk=,vYAOBOaUl41z3+6Ag2uE5STBlwY=
12,-28,U5TE0a9rJI+nQi5ACINqwy1aVtk=,UCSZzRWzbq7o9kwH6nXcL8KV2p4=
11,-28,U5TE0a9rJI+nQi5ACINqwy1aVtk=,UCSZzRWzbq7o9kwH6nXcL8KV2p4=
13,-20,U5TE0a9rJI+nQi5ACINqwy1aVtk=,vYAOBOaUl41z3+6Ag2uE5STBlwY=
15,-23,U5TE0a9rJI+nQi5ACINqwy1aVtk=,vYAOBOaUl41z3+6Ag2uE5STBlwY=
10,-28,U5TE0a9rJI+nQi5ACINqwy1aVtk=,UCSZzRWzbq7o9kwH6nXcL8KV2p4=
14,-23,U5TE0a9rJI+nQi5ACINqwy1aVtk=,vYAOBOaUl41z3+6Ag2uE5STBlwY=
15,-25,U5TE0a9rJI+nQi5ACINqwy1aVtk=,UCSZzRWzbq7o9kwH6nXcL8KV2p4=
15,-21,U5TE0a9rJI+nQi5ACINqwy1aVtk=,vYAOBOaUl41z3+6Ag2uE5STBlwY=
13,-23,U5TE0a9rJI+nQi5ACINqwy1aVtk=,vYAOBOaUl41z3+6Ag2uE5STBlwY=
14,-25,U5TE0a9rJI+nQi5ACINqwy1aVtk=,UCSZzRWzbq7o9kwH6nXcL8KV2p4=
13,-25,U5TE0a9rJI+nQi5ACINqwy1aVtk=,UCSZzRWzbq7o9kwH6nXcL8KV2p4=
11,-23,U5TE0a9rJI+nQi5ACINqwy1aVtk=,vYAOBOaUl41z3+6Ag2uE5STBlwY=
12,-25,U5TE0a9rJI+nQi5ACINqwy1aVtk=,UCSZzRWzbq7o9kwH6nXcL8KV2p4=
12,-20,U5TE0a9rJI+nQi5ACINqwy1aVtk=,vYAOBOaUl41z3+6Ag2uE5STBlwY=
10,-19,U5TE0a9rJI+nQi5ACINqwy1aVtk=,vYAOBOaUl41z3+6Ag2uE5STBlwY=
12,-23,U5TE0a9rJI+nQi5ACINqwy1aVtk=,vYAOBOaUl41z3+6Ag2uE5STBlwY=
10,-23,U5TE0a9rJI+nQi5ACINqwy1aVtk=,vYAOBOaUl41z3+6Ag2uE5STBlwY=
8,-25,U5TE0a9rJI+nQi5ACINqwy1aVtk=,UCSZzRWzbq7o9kwH6nXcL8KV2p4=
11,-20,U5TE0a9rJI+nQi5ACINqwy1aVtk=,vYAOBOaUl41z3+6Ag2uE5STBlwY=
9,-25,U5TE0a9rJI+nQi5ACINqwy1aVtk=,UCSZzRWzbq7o9kwH6nXcL8KV2p4=
10,-20,U5TE0a9rJI+nQi5ACINqwy1aVtk=,vYAOBOaUl41z3+6Ag2uE5STBlwY=
9,-19,U5TE0a9rJI+nQi5ACINqwy1aVtk=,vYAOBOaUl41z3+6Ag2uE5STBlwY=
10,-24,U5TE0a9rJI+nQi5ACINqwy1aVtk=,vYAOBOaUl41z3+6Ag2uE5STBlwY=
13,-19,U5TE0a9rJI+nQi5ACINqwy1aVtk=,vYAOBOaUl41z3+6Ag2uE5STBlwY=
14,-21,U5TE0a9rJI+nQi5ACINqwy1aVtk=,vYAOBOaUl41z3+6Ag2uE5STBlwY=
11,-25,U5TE0a9rJI+nQi5ACINqwy1aVtk=,UCSZzRWzbq7o9kwH6nXcL8KV2p4=
10,-25,U5TE0a9rJI+nQi5ACINqwy1aVtk=,UCSZzRWzbq7o9kwH6nXcL8KV2p4=
8,-19,U5TE0a9rJI+nQi5ACINqwy1aVtk=,vYAOBOaUl41z3+6Ag2uE5STBlwY=
15,-22,U5TE0a9rJI+nQi5ACINqwy1aVtk=,vYAOBOaUl41z3+6Ag2uE5STBlwY=
13,-21,U5TE0a9rJI+nQi5ACINqwy1aVtk=,vYAOBOaUl41z3+6Ag2uE5STBlwY=
14,-22,U5TE0a9rJI+nQi5ACINqwy1aVtk=,vYAOBOaUl41z3+6Ag2uE5STBlwY=
12,-21,U5TE0a9rJI+nQi5ACINqwy1aVtk=,vYAOBOaUl41z3+6Ag2uE5STBlwY=
13,-22,U5TE0a9rJI+nQi5ACINqwy1aVtk=,vYAOBOaUl41z3+6Ag2uE5STBlwY=
11,-21,U5TE0a9rJI+nQi5ACINqwy1aVtk=,vYAOBOaUl41z3+6Ag2uE5STBlwY=
9,-20,U5TE0a9rJI+nQi5ACINqwy1aVtk=,vYAOBOaUl41z3+6Ag2uE5STBlwY=
10,-21,U5TE0a9rJI+nQi5ACINqwy1aVtk=,vYAOBOaUl41z3+6Ag2uE5STBlwY=
12,-22,U5TE0a9rJI+nQi5ACINqwy1aVtk=,vYAOBOaUl41z3+6Ag2uE5STBlwY=
15,-20,U5TE0a9rJI+nQi5ACINqwy1aVtk=,vYAOBOaUl41z3+6Ag2uE5STBlwY=
9,-24,U5TE0a9rJI+nQi5ACINqwy1aVtk=,vYAOBOaUl41z3+6Ag2uE5STBlwY=
15,-17,U5TE0a9rJI+nQi5ACINqwy1aVtk=,vYAOBOaUl41z3+6Ag2uE5STBlwY=
11,-17,U5TE0a9rJI+nQi5ACINqwy1aVtk=,vYAOBOaUl41z3+6Ag2uE5STBlwY=
12,-17,U5TE0a9rJI+nQi5ACINqwy1aVtk=,vYAOBOaUl41z3+6Ag2uE5STBlwY=
10,-17,U5TE0a9rJI+nQi5ACINqwy1aVtk=,vYAOBOaUl41z3+6Ag2uE5STBlwY=
9,-17,U5TE0a9rJI+nQi5ACINqwy1aVtk=,vYAOBOaUl41z3+6Ag2uE5STBlwY=
8,-17,U5TE0a9rJI+nQi5ACINqwy1aVtk=,vYAOBOaUl41z3+6Ag2uE5STBlwY=
9,-23,U5TE0a9rJI+nQi5ACINqwy1aVtk=,vYAOBOaUl41z3+6Ag2uE5STBlwY=
11,-22,U5TE0a9rJI+nQi5ACINqwy1aVtk=,vYAOBOaUl41z3+6Ag2uE5STBlwY=
9,-21,U5TE0a9rJI+nQi5ACINqwy1aVtk=,vYAOBOaUl41z3+6Ag2uE5STBlwY=
15,-24,U5TE0a9rJI+nQi5ACINqwy1aVtk=,vYAOBOaUl41z3+6Ag2uE5STBlwY=
8,-23,U5TE0a9rJI+nQi5ACINqwy1aVtk=,vYAOBOaUl41z3+6Ag2uE5STBlwY=
12,-18,U5TE0a9rJI+nQi5ACINqwy1aVtk=,vYAOBOaUl41z3+6Ag2uE5STBlwY=
13,-24,U5TE0a9rJI+nQi5ACINqwy1aVtk=,vYAOBOaUl41z3+6Ag2uE5STBlwY=
12,-24,U5TE0a9rJI+nQi5ACINqwy1aVtk=,vYAOBOaUl41z3+6Ag2uE5STBlwY=
9,-18,U5TE0a9rJI+nQi5ACINqwy1aVtk=,vYAOBOaUl41z3+6Ag2uE5STBlwY=
8,-24,U5TE0a9rJI+nQi5ACINqwy1aVtk=,vYAOBOaUl41z3+6Ag2uE5STBlwY=
8,-20,U5TE0a9rJI+nQi5ACINqwy1aVtk=,vYAOBOaUl41z3+6Ag2uE5STBlwY=
8,-18,U5TE0a9rJI+nQi5ACINqwy1aVtk=,vYAOBOaUl41z3+6Ag2uE5STBlwY=
8,-21,U5TE0a9rJI+nQi5ACINqwy1aVtk=,vYAOBOaUl41z3+6Ag2uE5STBlwY=
10,-22,U5TE0a9rJI+nQi5ACINqwy1aVtk=,vYAOBOaUl41z3+6Ag2uE5STBlwY=
14,-24,U5TE0a9rJI+nQi5ACINqwy1aVtk=,vYAOBOaUl41z3+6Ag2uE5STBlwY=
9,-22,U5TE0a9rJI+nQi5ACINqwy1aVtk=,vYAOBOaUl41z3+6Ag2uE5STBlwY=
14,-17,U5TE0a9rJI+nQi5ACINqwy1aVtk=,vYAOBOaUl41z3+6Ag2uE5STBlwY=
10,-18,U5TE0a9rJI+nQi5ACINqwy1aVtk=,vYAOBOaUl41z3+6Ag2uE5STBlwY=
11,-18,U5TE0a9rJI+nQi5ACINqwy1aVtk=,vYAOBOaUl41z3+6Ag2uE5STBlwY=
13,-17,U5TE0a9rJI+nQi5ACINqwy1aVtk=,vYAOBOaUl41z3+6Ag2uE5STBlwY=
14,-19,U5TE0a9rJI+nQi5ACINqwy1aVtk=,vYAOBOaUl41z3+6Ag2uE5STBlwY=
14,-20,U5TE0a9rJI+nQi5ACINqwy1aVtk=,vYAOBOaUl41z3+6Ag2uE5STBlwY=
15,-19,U5TE0a9rJI+nQi5ACINqwy1aVtk=,vYAOBOaUl41z3+6Ag2uE5STBlwY=
14,-18,U5TE0a9rJI+nQi5ACINqwy1aVtk=,vYAOBOaUl41z3+6Ag2uE5STBlwY=
15,-18,U5TE0a9rJI+nQi5ACINqwy1aVtk=,vYAOBOaUl41z3+6Ag2uE5STBlwY=
13,-18,U5TE0a9rJI+nQi5ACINqwy1aVtk=,vYAOBOaUl41z3+6Ag2uE5STBlwY=
4,-13,U5TE0a9rJI+nQi5ACINqwy1aVtk=,7ysTWFYdg4H8nLp1SS6lijnzgLA=
5,-13,U5TE0a9rJI+nQi5ACINqwy1aVtk=,7ysTWFYdg4H8nLp1SS6lijnzgLA=
6,-13,U5TE0a9rJI+nQi5ACINqwy1aVtk=,7ysTWFYdg4H8nLp1SS6lijnzgLA=
1,-12,U5TE0a9rJI+nQi5ACINqwy1aVtk=,7ysTWFYdg4H8nLp1SS6lijnzgLA=
2,-12,U5TE0a9rJI+nQi5ACINqwy1aVtk=,7ysTWFYdg4H8nLp1SS6lijnzgLA=
3,-12,U5TE0a9rJI+nQi5ACINqwy1aVtk=,7ysTWFYdg4H8nLp1SS6lijnzgLA=
4,-12,U5TE0a9rJI+nQi5ACINqwy1aVtk=,7ysTWFYdg4H8nLp1SS6lijnzgLA=
5,-12,U5TE0a9rJI+nQi5ACINqwy1aVtk=,7ysTWFYdg4H8nLp1SS6lijnzgLA=
6,-12,U5TE0a9rJI+nQi5ACINqwy1aVtk=,7ysTWFYdg4H8nLp1SS6lijnzgLA=
1,-11,U5TE0a9rJI+nQi5ACINqwy1aVtk=,7ysTWFYdg4H8nLp1SS6lijnzgLA=
2,-11,U5TE0a9rJI+nQi5ACINqwy1aVtk=,7ysTWFYdg4H8nLp1SS6lijnzgLA=
3,-11,U5TE0a9rJI+nQi5ACINqwy1aVtk=,7ysTWFYdg4H8nLp1SS6lijnzgLA=
1,-15,U5TE0a9rJI+nQi5ACINqwy1aVtk=,7ysTWFYdg4H8nLp1SS6lijnzgLA=
4,-11,U5TE0a9rJI+nQi5ACINqwy1aVtk=,7ysTWFYdg4H8nLp1SS6lijnzgLA=
2,-15,U5TE0a9rJI+nQi5ACINqwy1aVtk=,7ysTWFYdg4H8nLp1SS6lijnzgLA=
5,-11,U5TE0a9rJI+nQi5ACINqwy1aVtk=,7ysTWFYdg4H8nLp1SS6lijnzgLA=
6,-11,U5TE0a9rJI+nQi5ACINqwy1aVtk=,7ysTWFYdg4H8nLp1SS6lijnzgLA=
3,-15,U5TE0a9rJI+nQi5ACINqwy1aVtk=,7ysTWFYdg4H8nLp1SS6lijnzgLA=
4,-15,U5TE0a9rJI+nQi5ACINqwy1aVtk=,7ysTWFYdg4H8nLp1SS6lijnzgLA=
1,-10,U5TE0a9rJI+nQi5ACINqwy1aVtk=,7ysTWFYdg4H8nLp1SS6lijnzgLA=
2,-10,U5TE0a9rJI+nQi5ACINqwy1aVtk=,7ysTWFYdg4H8nLp1SS6lijnzgLA=
3,-10,U5TE0a9rJI+nQi5ACINqwy1aVtk=,7ysTWFYdg4H8nLp1SS6lijnzgLA=
4,-10,U5TE0a9rJI+nQi5ACINqwy1aVtk=,7ysTWFYdg4H8nLp1SS6lijnzgLA=
5,-10,U5TE0a9rJI+nQi5ACINqwy1aVtk=,7ysTWFYdg4H8nLp1SS6lijnzgLA=
5,-15,U5TE0a9rJI+nQi5ACINqwy1aVtk=,7ysTWFYdg4H8nLp1SS6lijnzgLA=
12,-3,P9oSIQYK/wYoEC26ZGsbgTYlNQk=,ZeNTK1VNEBUEb9cm2R+pH8nkWBI=
3,-13,U5TE0a9rJI+nQi5ACINqwy1aVtk=,7ysTWFYdg4H8nLp1SS6lijnzgLA=
2,-13,U5TE0a9rJI+nQi5ACINqwy1aVtk=,7ysTWFYdg4H8nLp1SS6lijnzgLA=
6,-14,U5TE0a9rJI+nQi5ACINqwy1aVtk=,7ysTWFYdg4H8nLp1SS6lijnzgLA=
1,-13,U5TE0a9rJI+nQi5ACINqwy1aVtk=,7ysTWFYdg4H8nLp1SS6lijnzgLA=
4,-14,U5TE0a9rJI+nQi5ACINqwy1aVtk=,7ysTWFYdg4H8nLp1SS6lijnzgLA=
2,-14,U5TE0a9rJI+nQi5ACINqwy1aVtk=,7ysTWFYdg4H8nLp1SS6lijnzgLA=
3,-14,U5TE0a9rJI+nQi5ACINqwy1aVtk=,7ysTWFYdg4H8nLp1SS6lijnzgLA=
1,-14,U5TE0a9rJI+nQi5ACINqwy1aVtk=,7ysTWFYdg4H8nLp1SS6lijnzgLA=
5,-14,U5TE0a9rJI+nQi5ACINqwy1aVtk=,7ysTWFYdg4H8nLp1SS6lijnzgLA=
6,-15,U5TE0a9rJI+nQi5ACINqwy1aVtk=,7ysTWFYdg4H8nLp1SS6lijnzgLA=
6,-10,U5TE0a9rJI+nQi5ACINqwy1aVtk=,7ysTWFYdg4H8nLp1SS6lijnzgLA=
13,-3,P9oSIQYK/wYoEC26ZGsbgTYlNQk=,ZeNTK1VNEBUEb9cm2R+pH8nkWBI=
7,-14,U5TE0a9rJI+nQi5ACINqwy1aVtk=,7ysTWFYdg4H8nLp1SS6lijnzgLA=
12,-13,P9oSIQYK/wYoEC26ZGsbgTYlNQk=,tVPeYjuczQQ4IWliQ+ykghozctc=
11,-13,U5TE0a9rJI+nQi5ACINqwy1aVtk=,tVPeYjuczQQ4IWliQ+ykghozctc=
14,-9,P9oSIQYK/wYoEC26ZGsbgTYlNQk=,tVPeYjuczQQ4IWliQ+ykghozctc=
4,-5,U5TE0a9rJI+nQi5ACINqwy1aVtk=,jpVSVAiD/rfFttuF6eCzKBjZRek=
8,-13,U5TE0a9rJI+nQi5ACINqwy1aVtk=,tVPeYjuczQQ4IWliQ+ykghozctc=
13,-9,P9oSIQYK/wYoEC26ZGsbgTYlNQk=,tVPeYjuczQQ4IWliQ+ykghozctc=
14,-3,P9oSIQYK/wYoEC26ZGsbgTYlNQk=,ZeNTK1VNEBUEb9cm2R+pH8nkWBI=
10,-13,U5TE0a9rJI+nQi5ACINqwy1aVtk=,tVPeYjuczQQ4IWliQ+ykghozctc=
7,-9,U5TE0a9rJI+nQi5ACINqwy1aVtk=,7ysTWFYdg4H8nLp1SS6lijnzgLA=
6,-9,U5TE0a9rJI+nQi5ACINqwy1aVtk=,7ysTWFYdg4H8nLp1SS6lijnzgLA=
5,-9,U5TE0a9rJI+nQi5ACINqwy1aVtk=,7ysTWFYdg4H8nLp1SS6lijnzgLA=
1,-1,P9oSIQYK/wYoEC26ZGsbgTYlNQk=,jpVSVAiD/rfFttuF6eCzKBjZRek=
9,-13,U5TE0a9rJI+nQi5ACINqwy1aVtk=,tVPeYjuczQQ4IWliQ+ykghozctc=
7,-6,U5TE0a9rJI+nQi5ACINqwy1aVtk=,jpVSVAiD/rfFttuF6eCzKBjZRek=
3,-5,U5TE0a9rJI+nQi5ACINqwy1aVtk=,jpVSVAiD/rfFttuF6eCzKBjZRek=
1,-5,U5TE0a9rJI+nQi5ACINqwy1aVtk=,jpVSVAiD/rfFttuF6eCzKBjZRek=
4,-9,U5TE0a9rJI+nQi5ACINqwy1aVtk=,7ysTWFYdg4H8nLp1SS6lijnzgLA=
13,-13,P9oSIQYK/wYoEC26ZGsbgTYlNQk=,tVPeYjuczQQ4IWliQ+ykghozctc=
2,-5,U5TE0a9rJI+nQi5ACINqwy1aVtk=,jpVSVAiD/rfFttuF6eCzKBjZRek=
2,-9,U5TE0a9rJI+nQi5ACINqwy1aVtk=,7ysTWFYdg4H8nLp1SS6lijnzgLA=
8,-6,U5TE0a9rJI+nQi5ACINqwy1aVtk=,ZeNTK1VNEBUEb9cm2R+pH8nkWBI=
14,-4,P9oSIQYK/wYoEC26ZGsbgTYlNQk=,ZeNTK1VNEBUEb9cm2R+pH8nkWBI=
3,-9,U5TE0a9rJI+nQi5ACINqwy1aVtk=,7ysTWFYdg4H8nLp1SS6lijnzgLA=
6,-1,U5TE0a9rJI+nQi5ACINqwy1aVtk=,jpVSVAiD/rfFttuF6eCzKBjZRek=
5,-5,U5TE0a9rJI+nQi5ACINqwy1aVtk=,jpVSVAiD/rfFttuF6eCzKBjZRek=
14,-14,P9oSIQYK/wYoEC26ZGsbgTYlNQk=,tVPeYjuczQQ4IWliQ+ykghozctc=
6,-6,U5TE0a9rJI+nQi5ACINqwy1aVtk=,jpVSVAiD/rfFttuF6eCzKBjZRek=
7,-15,U5TE0a9rJI+nQi5ACINqwy1aVtk=,7ysTWFYdg4H8nLp1SS6lijnzgLA=
1,-9,U5TE0a9rJI+nQi5ACINqwy1aVtk=,7ysTWFYdg4H8nLp1SS6lijnzgLA=
2,-1,P9oSIQYK/wYoEC26ZGsbgTYlNQk=,jpVSVAiD/rfFttuF6eCzKBjZRek=
5,-1,U5TE0a9rJI+nQi5ACINqwy1aVtk=,jpVSVAiD/rfFttuF6eCzKBjZRek=
14,-13,P9oSIQYK/wYoEC26ZGsbgTYlNQk=,tVPeYjuczQQ4IWliQ+ykghozctc=
5,-6,U5TE0a9rJI+nQi5ACINqwy1aVtk=,jpVSVAiD/rfFttuF6eCzKBjZRek=
3,-1,P9oSIQYK/wYoEC26ZGsbgTYlNQk=,jpVSVAiD/rfFttuF6eCzKBjZRek=
4,-1,U5TE0a9rJI+nQi5ACINqwy1aVtk=,jpVSVAiD/rfFttuF6eCzKBjZRek=
13,-14,P9oSIQYK/wYoEC26ZGsbgTYlNQk=,tVPeYjuczQQ4IWliQ+ykghozctc=
8,-1,U5TE0a9rJI+nQi5ACINqwy1aVtk=,ZeNTK1VNEBUEb9cm2R+pH8nkWBI=
12,-14,P9oSIQYK/wYoEC26ZGsbgTYlNQk=,tVPeYjuczQQ4IWliQ+ykghozctc=
6,-5,U5TE0a9rJI+nQi5ACINqwy1aVtk=,jpVSVAiD/rfFttuF6eCzKBjZRek=
3,-6,U5TE0a9rJI+nQi5ACINqwy1aVtk=,jpVSVAiD/rfFttuF6eCzKBjZRek=
8,-12,U5TE0a9rJI+nQi5ACINqwy1aVtk=,tVPeYjuczQQ4IWliQ+ykghozctc=
11,-3,U5TE0a9rJI+nQi5ACINqwy1aVtk=,ZeNTK1VNEBUEb9cm2R+pH8nkWBI=
4,-6,U5TE0a9rJI+nQi5ACINqwy1aVtk=,jpVSVAiD/rfFttuF6eCzKBjZRek=
13,-4,P9oSIQYK/wYoEC26ZGsbgTYlNQk=,ZeNTK1VNEBUEb9cm2R+pH8nkWBI=
7,-13,U5TE0a9rJI+nQi5ACINqwy1aVtk=,7ysTWFYdg4H8nLp1SS6lijnzgLA=
9,-2,P9oSIQYK/wYoEC26ZGsbgTYlNQk=,ZeNTK1VNEBUEb9cm2R+pH8nkWBI=
2,-6,P9oSIQYK/wYoEC26ZGsbgTYlNQk=,jpVSVAiD/rfFttuF6eCzKBjZRek=
10,-14,U5TE0a9rJI+nQi5ACINqwy1aVtk=,tVPeYjuczQQ4IWliQ+ykghozctc=
7,-1,U5TE0a9rJI+nQi5ACINqwy1aVtk=,jpVSVAiD/rfFttuF6eCzKBjZRek=
10,-9,U5TE0a9rJI+nQi5ACINqwy1aVtk=,tVPeYjuczQQ4IWliQ+ykghozctc=
1,-6,P9oSIQYK/wYoEC26ZGsbgTYlNQk=,jpVSVAiD/rfFttuF6eCzKBjZRek=
12,-9,P9oSIQYK/wYoEC26ZGsbgTYlNQk=,tVPeYjuczQQ4IWliQ+ykghozctc=
9,-1,U5TE0a9rJI+nQi5ACINqwy1aVtk=,ZeNTK1VNEBUEb9cm2R+pH8nkWBI=
11,-9,U5TE0a9rJI+nQi5ACINqwy1aVtk=,tVPeYjuczQQ4IWliQ+ykghozctc=
9,-14,U5TE0a9rJI+nQi5ACINqwy1aVtk=,tVPeYjuczQQ4IWliQ+ykghozctc=
11,-14,U5TE0a9rJI+nQi5ACINqwy1aVtk=,tVPeYjuczQQ4IWliQ+ykghozctc=
7,-5,U5TE0a9rJI+nQi5ACINqwy1aVtk=,jpVSVAiD/rfFttuF6eCzKBjZRek=
8,-14,U5TE0a9rJI+nQi5ACINqwy1aVtk=,tVPeYjuczQQ4IWliQ+ykghozctc=
7,-10,U5TE0a9rJI+nQi5ACINqwy1aVtk=,7ysTWFYdg4H8nLp1SS6lijnzgLA=
7,-7,U5TE0a9rJI+nQi5ACINqwy1aVtk=,jpVSVAiD/rfFttuF6eCzKBjZRek=
6,-7,U5TE0a9rJI+nQi5ACINqwy1aVtk=,jpVSVAiD/rfFttuF6eCzKBjZRek=
9,-6,U5TE0a9rJI+nQi5ACINqwy1aVtk=,ZeNTK1VNEBUEb9cm2R+pH8nkWBI=
7,-2,U5TE0a9rJI+nQi5ACINqwy1aVtk=,jpVSVAiD/rfFttuF6eCzKBjZRek=
8,-9,U5TE0a9rJI+nQi5ACINqwy1aVtk=,tVPeYjuczQQ4IWliQ+ykghozctc=
7,-11,U5TE0a9rJI+nQi5ACINqwy1aVtk=,7ysTWFYdg4H8nLp1SS6lijnzgLA=
14,-1,P9oSIQYK/wYoEC26ZGsbgTYlNQk=,ZeNTK1VNEBUEb9cm2R+pH8nkWBI=
5,-7,U5TE0a9rJI+nQi5ACINqwy1aVtk=,jpVSVAiD/rfFttuF6eCzKBjZRek=
9,-12,U5TE0a9rJI+nQi5ACINqwy1aVtk=,tVPeYjuczQQ4IWliQ+ykghozctc=
4,-7,U5TE0a9rJI+nQi5ACINqwy1aVtk=,jpVSVAiD/rfFttuF6eCzKBjZRek=
12,-15,U5TE0a9rJI+nQi5ACINqwy1aVtk=,tVPeYjuczQQ4IWliQ+ykghozctc=
11,-15,U5TE0a9rJI+nQi5ACINqwy1aVtk=,tVPeYjuczQQ4IWliQ+ykghozctc=
10,-15,U5TE0a9rJI+nQi5ACINqwy1aVtk=,tVPeYjuczQQ4IWliQ+ykghozctc=
10,-1,P9oSIQYK/wYoEC26ZGsbgTYlNQk=,ZeNTK1VNEBUEb9cm2R+pH8nkWBI=
8,-5,U5TE0a9rJI+nQi5ACINqwy1aVtk=,ZeNTK1VNEBUEb9cm2R+pH8nkWBI=
13,-15,P9oSIQYK/wYoEC26ZGsbgTYlNQk=,tVPeYjuczQQ4IWliQ+ykghozctc=
13,-1,P9oSIQYK/wYoEC26ZGsbgTYlNQk=,ZeNTK1VNEBUEb9cm2R+pH8nkWBI=
9,-9,U5TE0a9rJI+nQi5ACINqwy1aVtk=,tVPeYjuczQQ4IWliQ+ykghozctc=
9,-15,U5TE0a9rJI+nQi5ACINqwy1aVtk=,tVPeYjuczQQ4IWliQ+ykghozctc=
14,-15,P9oSIQYK/wYoEC26ZGsbgTYlNQk=,tVPeYjuczQQ4IWliQ+ykghozctc=
2,-7,U5TE0a9rJI+nQi5ACINqwy1aVtk=,jpVSVAiD/rfFttuF6eCzKBjZRek=
3,-7,P9oSIQYK/wYoEC26ZGsbgTYlNQk=,jpVSVAiD/rfFttuF6eCzKBjZRek=
1,-7,U5TE0a9rJI+nQi5ACINqwy1aVtk=,jpVSVAiD/rfFttuF6eCzKBjZRek=
7,-12,U5TE0a9rJI+nQi5ACINqwy1aVtk=,7ysTWFYdg4H8nLp1SS6lijnzgLA=
10,-6,U5TE0a9rJI+nQi5ACINqwy1aVtk=,ZeNTK1VNEBUEb9cm2R+pH8nkWBI=
8,-15,U5TE0a9rJI+nQi5ACINqwy1aVtk=,tVPeYjuczQQ4IWliQ+ykghozctc=
8,-4,P9oSIQYK/wYoEC26ZGsbgTYlNQk=,ZeNTK1VNEBUEb9cm2R+pH8nkWBI=
14,-10,P9oSIQYK/wYoEC26ZGsbgTYlNQk=,tVPeYjuczQQ4IWliQ+ykghozctc=
6,-2,P9oSIQYK/wYoEC26ZGsbgTYlNQk=,jpVSVAiD/rfFttuF6eCzKBjZRek=
13,-10,P9oSIQYK/wYoEC26ZGsbgTYlNQk=,tVPeYjuczQQ4IWliQ+ykghozctc=
12,-10,U5TE0a9rJI+nQi5ACINqwy1aVtk=,tVPeYjuczQQ4IWliQ+ykghozctc=
11,-10,U5TE0a9rJI+nQi5ACINqwy1aVtk=,tVPeYjuczQQ4IWliQ+ykghozctc=
7,-8,U5TE0a9rJI+nQi5ACINqwy1aVtk=,jpVSVAiD/rfFttuF6eCzKBjZRek=
10,-12,U5TE0a9rJI+nQi5ACINqwy1aVtk=,tVPeYjuczQQ4IWliQ+ykghozctc=
11,-1,P9oSIQYK/wYoEC26ZGsbgTYlNQk=,ZeNTK1VNEBUEb9cm2R+pH8nkWBI=
15,-5,U5TE0a9rJI+nQi5ACINqwy1aVtk=,ZeNTK1VNEBUEb9cm2R+pH8nkWBI=
12,-1,P9oSIQYK/wYoEC26ZGsbgTYlNQk=,ZeNTK1VNEBUEb9cm2R+pH8nkWBI=
10,-3,U5TE0a9rJI+nQi5ACINqwy1aVtk=,ZeNTK1VNEBUEb9cm2R+pH8nkWBI=
15,-3,P9oSIQYK/wYoEC26ZGsbgTYlNQk=,ZeNTK1VNEBUEb9cm2R+pH8nkWBI=
5,-2,P9oSIQYK/wYoEC26ZGsbgTYlNQk=,jpVSVAiD/rfFttuF6eCzKBjZRek=
11,-6,U5TE0a9rJI+nQi5ACINqwy1aVtk=,ZeNTK1VNEBUEb9cm2R+pH8nkWBI=
8,-2,P9oSIQYK/wYoEC26ZGsbgTYlNQk=,ZeNTK1VNEBUEb9cm2R+pH8nkWBI=
15,-6,U5TE0a9rJI+nQi5ACINqwy1aVtk=,ZeNTK1VNEBUEb9cm2R+pH8nkWBI=
4,-2,U5TE0a9rJI+nQi5ACINqwy1aVtk=,jpVSVAiD/rfFttuF6eCzKBjZRek=
14,-5,P9oSIQYK/wYoEC26ZGsbgTYlNQk=,ZeNTK1VNEBUEb9cm2R+pH8nkWBI=
15,-4,P9oSIQYK/wYoEC26ZGsbgTYlNQk=,ZeNTK1VNEBUEb9cm2R+pH8nkWBI=
15,-7,U5TE0a9rJI+nQi5ACINqwy1aVtk=,ZeNTK1VNEBUEb9cm2R+pH8nkWBI=
3,-2,P9oSIQYK/wYoEC26ZGsbgTYlNQk=,jpVSVAiD/rfFttuF6eCzKBjZRek=
11,-12,U5TE0a9rJI+nQi5ACINqwy1aVtk=,tVPeYjuczQQ4IWliQ+ykghozctc=
10,-10,U5TE0a9rJI+nQi5ACINqwy1aVtk=,tVPeYjuczQQ4IWliQ+ykghozctc=
9,-10,U5TE0a9rJI+nQi5ACINqwy1aVtk=,tVPeYjuczQQ4IWliQ+ykghozctc=
2,-2,P9oSIQYK/wYoEC26ZGsbgTYlNQk=,jpVSVAiD/rfFttuF6eCzKBjZRek=
15,-2,P9oSIQYK/wYoEC26ZGsbgTYlNQk=,ZeNTK1VNEBUEb9cm2R+pH8nkWBI=
8,-10,U5TE0a9rJI+nQi5ACINqwy1aVtk=,tVPeYjuczQQ4IWliQ+ykghozctc=
14,-11,U5TE0a9rJI+nQi5ACINqwy1aVtk=,tVPeYjuczQQ4IWliQ+ykghozctc=
10,-2,U5TE0a9rJI+nQi5ACINqwy1aVtk=,ZeNTK1VNEBUEb9cm2R+pH8nkWBI=
12,-4,P9oSIQYK/wYoEC26ZGsbgTYlNQk=,ZeNTK1VNEBUEb9cm2R+pH8nkWBI=
15,-13,U5TE0a9rJI+nQi5ACINqwy1aVtk=,tVPeYjuczQQ4IWliQ+ykghozctc=
6,-8,U5TE0a9rJI+nQi5ACINqwy1aVtk=,jpVSVAiD/rfFttuF6eCzKBjZRek=
1,-4,P9oSIQYK/wYoEC26ZGsbgTYlNQk=,jpVSVAiD/rfFttuF6eCzKBjZRek=
15,-14,U5TE0a9rJI+nQi5ACINqwy1aVtk=,tVPeYjuczQQ4IWliQ+ykghozctc=
15,-9,P9oSIQYK/wYoEC26ZGsbgTYlNQk=,tVPeYjuczQQ4IWliQ+ykghozctc=
1,-2,P9oSIQYK/wYoEC26ZGsbgTYlNQk=,jpVSVAiD/rfFttuF6eCzKBjZRek=
4,-8,U5TE0a9rJI+nQi5ACINqwy1aVtk=,jpVSVAiD/rfFttuF6eCzKBjZRek=
7,-3,U5TE0a9rJI+nQi5ACINqwy1aVtk=,jpVSVAiD/rfFttuF6eCzKBjZRek=
11,-8,U5TE0a9rJI+nQi5ACINqwy1aVtk=,ZeNTK1VNEBUEb9cm2R+pH8nkWBI=
12,-12,P9oSIQYK/wYoEC26ZGsbgTYlNQk=,tVPeYjuczQQ4IWliQ+ykghozctc=
5,-8,U5TE0a9rJI+nQi5ACINqwy1aVtk=,jpVSVAiD/rfFttuF6eCzKBjZRek=
9,-16,U5TE0a9rJI+nQi5ACINqwy1aVtk=,tVPeYjuczQQ4IWliQ+ykghozctc=
15,-15,P9oSIQYK/wYoEC26ZGsbgTYlNQk=,tVPeYjuczQQ4IWliQ+ykghozctc=
15,-10,P9oSIQYK/wYoEC26ZGsbgTYlNQk=,tVPeYjuczQQ4IWliQ+ykghozctc=
15,-12,U5TE0a9rJI+nQi5ACINqwy1aVtk=,tVPeYjuczQQ4IWliQ+ykghozctc=
15,-11,P9oSIQYK/wYoEC26ZGsbgTYlNQk=,tVPeYjuczQQ4IWliQ+ykghozctc=
10,-16,U5TE0a9rJI+nQi5ACINqwy1aVtk=,tVPeYjuczQQ4IWliQ+ykghozctc=
12,-6,P9oSIQYK/wYoEC26ZGsbgTYlNQk=,ZeNTK1VNEBUEb9cm2R+pH8nkWBI=
15,-8,U5TE0a9rJI+nQi5ACINqwy1aVtk=,ZeNTK1VNEBUEb9cm2R+pH8nkWBI=
11,-16,U5TE0a9rJI+nQi5ACINqwy1aVtk=,tVPeYjuczQQ4IWliQ+ykghozctc=
2,-4,P9oSIQYK/wYoEC26ZGsbgTYlNQk=,jpVSVAiD/rfFttuF6eCzKBjZRek=
12,-16,U5TE0a9rJI+nQi5ACINqwy1aVtk=,tVPeYjuczQQ4IWliQ+ykghozctc=
5,-3,U5TE0a9rJI+nQi5ACINqwy1aVtk=,jpVSVAiD/rfFttuF6eCzKBjZRek=
2,-8,U5TE0a9rJI+nQi5ACINqwy1aVtk=,jpVSVAiD/rfFttuF6eCzKBjZRek=
6,-3,U5TE0a9rJI+nQi5ACINqwy1aVtk=,jpVSVAiD/rfFttuF6eCzKBjZRek=
12,-8,P9oSIQYK/wYoEC26ZGsbgTYlNQk=,ZeNTK1VNEBUEb9cm2R+pH8nkWBI=
14,-12,U5TE0a9rJI+nQi5ACINqwy1aVtk=,tVPeYjuczQQ4IWliQ+ykghozctc=
4,-3,P9oSIQYK/wYoEC26ZGsbgTYlNQk=,jpVSVAiD/rfFttuF6eCzKBjZRek=
3,-8,U5TE0a9rJI+nQi5ACINqwy1aVtk=,jpVSVAiD/rfFttuF6eCzKBjZRek=
13,-11,U5TE0a9rJI+nQi5ACINqwy1aVtk=,tVPeYjuczQQ4IWliQ+ykghozctc=
1,-8,U5TE0a9rJI+nQi5ACINqwy1aVtk=,jpVSVAiD/rfFttuF6eCzKBjZRek=
12,-11,P9oSIQYK/wYoEC26ZGsbgTYlNQk=,tVPeYjuczQQ4IWliQ+ykghozctc=
10,-11,U5TE0a9rJI+nQi5ACINqwy1aVtk=,tVPeYjuczQQ4IWliQ+ykghozctc=
9,-11,U5TE0a9rJI+nQi5ACINqwy1aVtk=,tVPeYjuczQQ4IWliQ+ykghozctc=
8,-11,U5TE0a9rJI+nQi5ACINqwy1aVtk=,tVPeYjuczQQ4IWliQ+ykghozctc=
11,-11,U5TE0a9rJI+nQi5ACINqwy1aVtk=,tVPeYjuczQQ4IWliQ+ykghozctc=
11,-2,U5TE0a9rJI+nQi5ACINqwy1aVtk=,ZeNTK1VNEBUEb9cm2R+pH8nkWBI=
8,-16,U5TE0a9rJI+nQi5ACINqwy1aVtk=,tVPeYjuczQQ4IWliQ+ykghozctc=
7,-16,U5TE0a9rJI+nQi5ACINqwy1aVtk=,7ysTWFYdg4H8nLp1SS6lijnzgLA=
13,-16,U5TE0a9rJI+nQi5ACINqwy1aVtk=,tVPeYjuczQQ4IWliQ+ykghozctc=
6,-16,U5TE0a9rJI+nQi5ACINqwy1aVtk=,7ysTWFYdg4H8nLp1SS6lijnzgLA=
10,-8,U5TE0a9rJI+nQi5ACINqwy1aVtk=,ZeNTK1VNEBUEb9cm2R+pH8nkWBI=
5,-16,U5TE0a9rJI+nQi5ACINqwy1aVtk=,7ysTWFYdg4H8nLp1SS6lijnzgLA=
0,-12,U5TE0a9rJI+nQi5ACINqwy1aVtk=,7ysTWFYdg4H8nLp1SS6lijnzgLA=
3,-4,P9oSIQYK/wYoEC26ZGsbgTYlNQk=,jpVSVAiD/rfFttuF6eCzKBjZRek=
1,-16,U5TE0a9rJI+nQi5ACINqwy1aVtk=,7ysTWFYdg4H8nLp1SS6lijnzgLA=
13,-8,P9oSIQYK/wYoEC26ZGsbgTYlNQk=,ZeNTK1VNEBUEb9cm2R+pH8nkWBI=
13,-5,P9oSIQYK/wYoEC26ZGsbgTYlNQk=,ZeNTK1VNEBUEb9cm2R+pH8nkWBI=
12,-5,U5TE0a9rJI+nQi5ACINqwy1aVtk=,ZeNTK1VNEBUEb9cm2R+pH8nkWBI=
13,-12,P9oSIQYK/wYoEC26ZGsbgTYlNQk=,tVPeYjuczQQ4IWliQ+ykghozctc=
4,-16,U5TE0a9rJI+nQi5ACINqwy1aVtk=,7ysTWFYdg4H8nLp1SS6lijnzgLA=
11,-4,P9oSIQYK/wYoEC26ZGsbgTYlNQk=,ZeNTK1VNEBUEb9cm2R+pH8nkWBI=
3,-3,P9oSIQYK/wYoEC26ZGsbgTYlNQk=,jpVSVAiD/rfFttuF6eCzKBjZRek=
0,-11,U5TE0a9rJI+nQi5ACINqwy1aVtk=,7ysTWFYdg4H8nLp1SS6lijnzgLA=
2,-16,U5TE0a9rJI+nQi5ACINqwy1aVtk=,7ysTWFYdg4H8nLp1SS6lijnzgLA=
14,-8,P9oSIQYK/wYoEC26ZGsbgTYlNQk=,ZeNTK1VNEBUEb9cm2R+pH8nkWBI=
9,-8,U5TE0a9rJI+nQi5ACINqwy1aVtk=,ZeNTK1VNEBUEb9cm2R+pH8nkWBI=
3,-16,U5TE0a9rJI+nQi5ACINqwy1aVtk=,7ysTWFYdg4H8nLp1SS6lijnzgLA=
2,-3,P9oSIQYK/wYoEC26ZGsbgTYlNQk=,jpVSVAiD/rfFttuF6eCzKBjZRek=
0,-15,U5TE0a9rJI+nQi5ACINqwy1aVtk=,7ysTWFYdg4H8nLp1SS6lijnzgLA=
14,-16,U5TE0a9rJI+nQi5ACINqwy1aVtk=,tVPeYjuczQQ4IWliQ+ykghozctc=
0,-13,U5TE0a9rJI+nQi5ACINqwy1aVtk=,7ysTWFYdg4H8nLp1SS6lijnzgLA=
12,-2,P9oSIQYK/wYoEC26ZGsbgTYlNQk=,ZeNTK1VNEBUEb9cm2R+pH8nkWBI=
0,-14,U5TE0a9rJI+nQi5ACINqwy1aVtk=,7ysTWFYdg4H8nLp1SS6lijnzgLA=
0,-10,U5TE0a9rJI+nQi5ACINqwy1aVtk=,7ysTWFYdg4H8nLp1SS6lijnzgLA=
0,-16,U5TE0a9rJI+nQi5ACINqwy1aVtk=,7ysTWFYdg4H8nLp1SS6lijnzgLA=
9,-3,P9oSIQYK/wYoEC26ZGsbgTYlNQk=,ZeNTK1VNEBUEb9cm2R+pH8nkWBI=
10,-4,U5TE0a9rJI+nQi5ACINqwy1aVtk=,ZeNTK1VNEBUEb9cm2R+pH8nkWBI=
14,-7,P9oSIQYK/wYoEC26ZGsbgTYlNQk=,ZeNTK1VNEBUEb9cm2R+pH8nkWBI=
8,-3,P9oSIQYK/wYoEC26ZGsbgTYlNQk=,ZeNTK1VNEBUEb9cm2R+pH8nkWBI=
4,-4,U5TE0a9rJI+nQi5ACINqwy1aVtk=,jpVSVAiD/rfFttuF6eCzKBjZRek=
1,-3,P9oSIQYK/wYoEC26ZGsbgTYlNQk=,jpVSVAiD/rfFttuF6eCzKBjZRek=
0,-9,U5TE0a9rJI+nQi5ACINqwy1aVtk=,7ysTWFYdg4H8nLp1SS6lijnzgLA=
15,-16,U5TE0a9rJI+nQi5ACINqwy1aVtk=,tVPeYjuczQQ4IWliQ+ykghozctc=
0,-4,P9oSIQYK/wYoEC26ZGsbgTYlNQk=,jpVSVAiD/rfFttuF6eCzKBjZRek=
8,-7,U5TE0a9rJI+nQi5ACINqwy1aVtk=,ZeNTK1VNEBUEb9cm2R+pH8nkWBI=
0,-7,U5TE0a9rJI+nQi5ACINqwy1aVtk=,jpVSVAiD/rfFttuF6eCzKBjZRek=
6,-4,U5TE0a9rJI+nQi5ACINqwy1aVtk=,jpVSVAiD/rfFttuF6eCzKBjZRek=
11,-5,U5TE0a9rJI+nQi5ACINqwy1aVtk=,ZeNTK1VNEBUEb9cm2R+pH8nkWBI=
0,-1,U5TE0a9rJI+nQi5ACINqwy1aVtk=,jpVSVAiD/rfFttuF6eCzKBjZRek=
8,-8,U5TE0a9rJI+nQi5ACINqwy1aVtk=,ZeNTK1VNEBUEb9cm2R+pH8nkWBI=
5,-4,U5TE0a9rJI+nQi5ACINqwy1aVtk=,jpVSVAiD/rfFttuF6eCzKBjZRek=
13,-2,P9oSIQYK/wYoEC26ZGsbgTYlNQk=,ZeNTK1VNEBUEb9cm2R+pH8nkWBI=
13,-7,P9oSIQYK/wYoEC26ZGsbgTYlNQk=,ZeNTK1VNEBUEb9cm2R+pH8nkWBI=
0,-6,U5TE0a9rJI+nQi5ACINqwy1aVtk=,jpVSVAiD/rfFttuF6eCzKBjZRek=
15,-1,P9oSIQYK/wYoEC26ZGsbgTYlNQk=,ZeNTK1VNEBUEb9cm2R+pH8nkWBI=
7,-4,U5TE0a9rJI+nQi5ACINqwy1aVtk=,jpVSVAiD/rfFttuF6eCzKBjZRek=
0,-8,U5TE0a9rJI+nQi5ACINqwy1aVtk=,jpVSVAiD/rfFttuF6eCzKBjZRek=
0,-5,U5TE0a9rJI+nQi5ACINqwy1aVtk=,jpVSVAiD/rfFttuF6eCzKBjZRek=
12,-7,P9oSIQYK/wYoEC26ZGsbgTYlNQk=,ZeNTK1VNEBUEb9cm2R+pH8nkWBI=
9,-4,U5TE0a9rJI+nQi5ACINqwy1aVtk=,ZeNTK1VNEBUEb9cm2R+pH8nkWBI=
11,-7,U5TE0a9rJI+nQi5ACINqwy1aVtk=,ZeNTK1VNEBUEb9cm2R+pH8nkWBI=
0,-3,U5TE0a9rJI+nQi5ACINqwy1aVtk=,jpVSVAiD/rfFttuF6eCzKBjZRek=
10,-5,U5TE0a9rJI+nQi5ACINqwy1aVtk=,ZeNTK1VNEBUEb9cm2R+pH8nkWBI=
9,-7,U5TE0a9rJI+nQi5ACINqwy1aVtk=,ZeNTK1VNEBUEb9cm2R+pH8nkWBI=
10,-7,U5TE0a9rJI+nQi5ACINqwy1aVtk=,ZeNTK1VNEBUEb9cm2R+pH8nkWBI=
14,-6,P9oSIQYK/wYoEC26ZGsbgTYlNQk=,ZeNTK1VNEBUEb9cm2R+pH8nkWBI=
9,-5,U5TE0a9rJI+nQi5ACINqwy1aVtk=,ZeNTK1VNEBUEb9cm2R+pH8nkWBI=
13,-6,P9oSIQYK/wYoEC26ZGsbgTYlNQk=,ZeNTK1VNEBUEb9cm2R+pH8nkWBI=
14,-2,P9oSIQYK/wYoEC26ZGsbgTYlNQk=,ZeNTK1VNEBUEb9cm2R+pH8nkWBI=
0,-2,U5TE0a9rJI+nQi5ACINqwy1aVtk=,jpVSVAiD/rfFttuF6eCzKBjZRek=
